-- MySQL dump 10.13  Distrib 8.0.45, for Win64 (x86_64)
--
-- Host: localhost    Database: bookmyshow
-- ------------------------------------------------------
-- Server version	8.0.45

/*!40101 SET @OLD_CHARACTER_SET_CLIENT=@@CHARACTER_SET_CLIENT */;
/*!40101 SET @OLD_CHARACTER_SET_RESULTS=@@CHARACTER_SET_RESULTS */;
/*!40101 SET @OLD_COLLATION_CONNECTION=@@COLLATION_CONNECTION */;
/*!50503 SET NAMES utf8 */;
/*!40103 SET @OLD_TIME_ZONE=@@TIME_ZONE */;
/*!40103 SET TIME_ZONE='+00:00' */;
/*!40014 SET @OLD_UNIQUE_CHECKS=@@UNIQUE_CHECKS, UNIQUE_CHECKS=0 */;
/*!40014 SET @OLD_FOREIGN_KEY_CHECKS=@@FOREIGN_KEY_CHECKS, FOREIGN_KEY_CHECKS=0 */;
/*!40101 SET @OLD_SQL_MODE=@@SQL_MODE, SQL_MODE='NO_AUTO_VALUE_ON_ZERO' */;
/*!40111 SET @OLD_SQL_NOTES=@@SQL_NOTES, SQL_NOTES=0 */;

--
-- Table structure for table `bookings`
--

DROP TABLE IF EXISTS `bookings`;
/*!40101 SET @saved_cs_client     = @@character_set_client */;
/*!50503 SET character_set_client = utf8mb4 */;
CREATE TABLE `bookings` (
  `id` int NOT NULL AUTO_INCREMENT,
  `booking_id` varchar(50) NOT NULL,
  `user_id` int DEFAULT NULL,
  `show_id` int NOT NULL,
  `seats` varchar(200) NOT NULL,
  `total_amount` int NOT NULL,
  `booking_date` timestamp NULL DEFAULT CURRENT_TIMESTAMP,
  `payment_method` varchar(50) DEFAULT NULL,
  `status` varchar(20) DEFAULT 'CONFIRMED',
  `food_items` text,
  `points_used` int DEFAULT '0',
  PRIMARY KEY (`id`),
  UNIQUE KEY `booking_id` (`booking_id`),
  KEY `user_id` (`user_id`),
  KEY `show_id` (`show_id`),
  CONSTRAINT `bookings_ibfk_1` FOREIGN KEY (`user_id`) REFERENCES `users` (`id`),
  CONSTRAINT `bookings_ibfk_2` FOREIGN KEY (`show_id`) REFERENCES `shows` (`id`)
) ENGINE=InnoDB AUTO_INCREMENT=23 DEFAULT CHARSET=utf8mb4 COLLATE=utf8mb4_0900_ai_ci;
/*!40101 SET character_set_client = @saved_cs_client */;

--
-- Dumping data for table `bookings`
--

LOCK TABLES `bookings` WRITE;
/*!40000 ALTER TABLE `bookings` DISABLE KEYS */;
INSERT INTO `bookings` VALUES (1,'BK1774847187240',NULL,4,'C3, C4',400,'2026-03-30 05:06:27','Credit Card','CONFIRMED',NULL,0),(2,'BK1774877300962',NULL,3,'C3, C2',400,'2026-03-30 13:28:20','UPI','CONFIRMED',NULL,0),(3,'BK1774929861264',3,11,'A1, A2',700,'2026-03-31 04:04:21','UPI','CONFIRMED',NULL,0),(4,'BK1774930765850',3,10,'D3',250,'2026-03-31 04:19:25','UPI','CONFIRMED',NULL,0),(5,'BK1774932279756',NULL,46,'B4',300,'2026-03-31 04:44:39','UPI','CONFIRMED',NULL,0),(6,'BK1774932329052',NULL,81,'C1',250,'2026-03-31 04:45:29','UPI','CONFIRMED',NULL,0),(7,'BK1774933843582',NULL,14,'B2, B3, B4',900,'2026-03-31 05:10:43','UPI','CONFIRMED',NULL,0),(8,'BK1774936684269',3,3,'E1',200,'2026-03-31 05:58:04','UPI','CONFIRMED',NULL,0),(9,'BK1774973391959',NULL,47,'B5',300,'2026-03-31 16:09:51','UPI','CONFIRMED',NULL,0),(10,'BK1774976128477',3,10,'B2',420,'2026-03-31 16:55:28','UPI','CONFIRMED','Nachos',0),(11,'BK1774977232257',NULL,83,'C2',370,'2026-03-31 17:13:52','UPI','CONFIRMED','Nachos',0),(12,'BK1774978353427',3,46,'B1',400,'2026-03-31 17:32:33','UPI','CONFIRMED','Soda',0),(13,'BK1774979424843',3,10,'D2',330,'2026-03-31 17:50:24','UPI','CONFIRMED','Candy',0),(14,'BK1774979761866',3,39,'A1',470,'2026-03-31 17:56:01','UPI','CONFIRMED','Nachos',0),(15,'BK1775015078667',7,111,'E1, E2',500,'2026-04-01 03:44:38','UPI','CONFIRMED','Soda',0),(16,'BK1775020267549',8,111,'D4, D5',500,'2026-04-01 05:11:07','UPI','CONFIRMED',NULL,0),(17,'BK1775115367986',9,83,'A1',0,'2026-04-02 07:36:08','UPI','CONFIRMED',NULL,0),(18,'BK1775726091516',10,3,'E3, E4',400,'2026-04-09 09:14:51','UPI','CONFIRMED',NULL,0),(19,'BK1775828361674',11,110,'E1, E2',400,'2026-04-10 13:39:21','UPI','CONFIRMED',NULL,0),(20,'BK1776226167694',3,4,'A1',350,'2026-04-15 04:09:27','UPI','CONFIRMED',NULL,0),(21,'BK1777002669576',13,19,'E1',280,'2026-04-24 03:51:09','UPI','CONFIRMED','Candy',0),(22,'BK1777005382518',14,10,'E5',200,'2026-04-24 04:36:22','UPI','CONFIRMED',NULL,0);
/*!40000 ALTER TABLE `bookings` ENABLE KEYS */;
UNLOCK TABLES;

--
-- Table structure for table `movies`
--

DROP TABLE IF EXISTS `movies`;
/*!40101 SET @saved_cs_client     = @@character_set_client */;
/*!50503 SET character_set_client = utf8mb4 */;
CREATE TABLE `movies` (
  `id` int NOT NULL AUTO_INCREMENT,
  `title` varchar(100) NOT NULL,
  `icon` varchar(10) DEFAULT NULL,
  `rating` decimal(3,1) DEFAULT '4.5',
  `poster_path` varchar(255) DEFAULT NULL,
  `teaser_url` varchar(500) DEFAULT NULL,
  PRIMARY KEY (`id`)
) ENGINE=InnoDB AUTO_INCREMENT=10 DEFAULT CHARSET=utf8mb4 COLLATE=utf8mb4_0900_ai_ci;
/*!40101 SET character_set_client = @saved_cs_client */;

--
-- Dumping data for table `movies`
--

LOCK TABLES `movies` WRITE;
/*!40000 ALTER TABLE `movies` DISABLE KEYS */;
INSERT INTO `movies` VALUES (1,'Dhurandhar 2','?',4.5,'posters/dhurandhar 2.jpeg','https://youtu.be/Pb2KJlBGids'),(2,'Pathaan','?',4.5,'posters/pathaan.jpg','https://youtu.be/vqu4z34wENw'),(3,'The Kerala Story','?',4.5,'posters/The kerala Story.jpeg','https://youtu.be/j0_038C5RRk'),(4,'Kalki','⚡',4.5,'posters/Kalki.jpeg','https://youtu.be/aninoDcPWo4'),(5,'Border','??',4.5,'posters/border.jpg','https://youtu.be/AZGfCK1yTTI'),(6,'Gadar','?',4.5,'posters/gadar2.jpeg','https://youtu.be/mljj92tRwlk'),(7,'RRR','?',4.8,'posters/RRR.jpeg','https://youtu.be/GY4BgdUSpbE'),(8,'KGF Chapter 2','⛏️',4.7,'posters/KGF2.jpeg','https://youtu.be/JKa05nyUmuQ'),(9,'Pushpa: The Rule','?',4.6,'posters/pushpa.jpeg','https://youtu.be/1kVK0MZlbI4');
/*!40000 ALTER TABLE `movies` ENABLE KEYS */;
UNLOCK TABLES;

--
-- Table structure for table `seats`
--

DROP TABLE IF EXISTS `seats`;
/*!40101 SET @saved_cs_client     = @@character_set_client */;
/*!50503 SET character_set_client = utf8mb4 */;
CREATE TABLE `seats` (
  `id` int NOT NULL AUTO_INCREMENT,
  `show_id` int NOT NULL,
  `seat_number` varchar(5) NOT NULL,
  `is_booked` tinyint(1) DEFAULT '0',
  PRIMARY KEY (`id`),
  UNIQUE KEY `unique_seat` (`show_id`,`seat_number`),
  CONSTRAINT `seats_ibfk_1` FOREIGN KEY (`show_id`) REFERENCES `shows` (`id`)
) ENGINE=InnoDB AUTO_INCREMENT=3601 DEFAULT CHARSET=utf8mb4 COLLATE=utf8mb4_0900_ai_ci;
/*!40101 SET character_set_client = @saved_cs_client */;

--
-- Dumping data for table `seats`
--

LOCK TABLES `seats` WRITE;
/*!40000 ALTER TABLE `seats` DISABLE KEYS */;
INSERT INTO `seats` VALUES (1,1,'A1',0),(2,1,'A2',0),(3,1,'A3',0),(4,1,'A4',0),(5,1,'A5',0),(6,1,'B1',0),(7,1,'B2',0),(8,1,'B3',0),(9,1,'B4',0),(10,1,'B5',0),(11,1,'C1',0),(12,1,'C2',0),(13,1,'C3',0),(14,1,'C4',0),(15,1,'C5',0),(16,1,'D1',0),(17,1,'D2',0),(18,1,'D3',0),(19,1,'D4',0),(20,1,'D5',0),(21,1,'E1',0),(22,1,'E2',0),(23,1,'E3',0),(24,1,'E4',0),(25,1,'E5',0),(26,2,'A1',0),(27,2,'A2',0),(28,2,'A3',0),(29,2,'A4',0),(30,2,'A5',0),(31,2,'B1',0),(32,2,'B2',0),(33,2,'B3',0),(34,2,'B4',0),(35,2,'B5',0),(36,2,'C1',0),(37,2,'C2',0),(38,2,'C3',0),(39,2,'C4',0),(40,2,'C5',0),(41,2,'D1',0),(42,2,'D2',0),(43,2,'D3',0),(44,2,'D4',0),(45,2,'D5',0),(46,2,'E1',0),(47,2,'E2',0),(48,2,'E3',0),(49,2,'E4',0),(50,2,'E5',0),(51,3,'A1',0),(52,3,'A2',0),(53,3,'A3',0),(54,3,'A4',0),(55,3,'A5',0),(56,3,'B1',0),(57,3,'B2',0),(58,3,'B3',0),(59,3,'B4',0),(60,3,'B5',0),(61,3,'C1',0),(62,3,'C2',1),(63,3,'C3',1),(64,3,'C4',0),(65,3,'C5',0),(66,3,'D1',0),(67,3,'D2',0),(68,3,'D3',0),(69,3,'D4',0),(70,3,'D5',0),(71,3,'E1',1),(72,3,'E2',0),(73,3,'E3',1),(74,3,'E4',1),(75,3,'E5',0),(76,4,'A1',1),(77,4,'A2',0),(78,4,'A3',0),(79,4,'A4',0),(80,4,'A5',0),(81,4,'B1',0),(82,4,'B2',0),(83,4,'B3',0),(84,4,'B4',0),(85,4,'B5',0),(86,4,'C1',0),(87,4,'C2',0),(88,4,'C3',1),(89,4,'C4',1),(90,4,'C5',0),(91,4,'D1',0),(92,4,'D2',0),(93,4,'D3',0),(94,4,'D4',0),(95,4,'D5',0),(96,4,'E1',0),(97,4,'E2',0),(98,4,'E3',0),(99,4,'E4',0),(100,4,'E5',0),(101,37,'A1',0),(102,37,'A2',0),(103,37,'A3',0),(104,37,'A4',0),(105,37,'A5',0),(106,37,'B1',0),(107,37,'B2',0),(108,37,'B3',0),(109,37,'B4',0),(110,37,'B5',0),(111,37,'C1',0),(112,37,'C2',0),(113,37,'C3',0),(114,37,'C4',0),(115,37,'C5',0),(116,37,'D1',0),(117,37,'D2',0),(118,37,'D3',0),(119,37,'D4',0),(120,37,'D5',0),(121,37,'E1',0),(122,37,'E2',0),(123,37,'E3',0),(124,37,'E4',0),(125,37,'E5',0),(126,38,'A1',0),(127,38,'A2',0),(128,38,'A3',0),(129,38,'A4',0),(130,38,'A5',0),(131,38,'B1',0),(132,38,'B2',0),(133,38,'B3',0),(134,38,'B4',0),(135,38,'B5',0),(136,38,'C1',0),(137,38,'C2',0),(138,38,'C3',0),(139,38,'C4',0),(140,38,'C5',0),(141,38,'D1',0),(142,38,'D2',0),(143,38,'D3',0),(144,38,'D4',0),(145,38,'D5',0),(146,38,'E1',0),(147,38,'E2',0),(148,38,'E3',0),(149,38,'E4',0),(150,38,'E5',0),(151,39,'A1',1),(152,39,'A2',0),(153,39,'A3',0),(154,39,'A4',0),(155,39,'A5',0),(156,39,'B1',0),(157,39,'B2',0),(158,39,'B3',0),(159,39,'B4',0),(160,39,'B5',0),(161,39,'C1',0),(162,39,'C2',0),(163,39,'C3',0),(164,39,'C4',0),(165,39,'C5',0),(166,39,'D1',0),(167,39,'D2',0),(168,39,'D3',0),(169,39,'D4',0),(170,39,'D5',0),(171,39,'E1',0),(172,39,'E2',0),(173,39,'E3',0),(174,39,'E4',0),(175,39,'E5',0),(176,40,'A1',0),(177,40,'A2',0),(178,40,'A3',0),(179,40,'A4',0),(180,40,'A5',0),(181,40,'B1',0),(182,40,'B2',0),(183,40,'B3',0),(184,40,'B4',0),(185,40,'B5',0),(186,40,'C1',0),(187,40,'C2',0),(188,40,'C3',0),(189,40,'C4',0),(190,40,'C5',0),(191,40,'D1',0),(192,40,'D2',0),(193,40,'D3',0),(194,40,'D4',0),(195,40,'D5',0),(196,40,'E1',0),(197,40,'E2',0),(198,40,'E3',0),(199,40,'E4',0),(200,40,'E5',0),(201,73,'A1',0),(202,73,'A2',0),(203,73,'A3',0),(204,73,'A4',0),(205,73,'A5',0),(206,73,'B1',0),(207,73,'B2',0),(208,73,'B3',0),(209,73,'B4',0),(210,73,'B5',0),(211,73,'C1',0),(212,73,'C2',0),(213,73,'C3',0),(214,73,'C4',0),(215,73,'C5',0),(216,73,'D1',0),(217,73,'D2',0),(218,73,'D3',0),(219,73,'D4',0),(220,73,'D5',0),(221,73,'E1',0),(222,73,'E2',0),(223,73,'E3',0),(224,73,'E4',0),(225,73,'E5',0),(226,74,'A1',0),(227,74,'A2',0),(228,74,'A3',0),(229,74,'A4',0),(230,74,'A5',0),(231,74,'B1',0),(232,74,'B2',0),(233,74,'B3',0),(234,74,'B4',0),(235,74,'B5',0),(236,74,'C1',0),(237,74,'C2',0),(238,74,'C3',0),(239,74,'C4',0),(240,74,'C5',0),(241,74,'D1',0),(242,74,'D2',0),(243,74,'D3',0),(244,74,'D4',0),(245,74,'D5',0),(246,74,'E1',0),(247,74,'E2',0),(248,74,'E3',0),(249,74,'E4',0),(250,74,'E5',0),(251,75,'A1',0),(252,75,'A2',0),(253,75,'A3',0),(254,75,'A4',0),(255,75,'A5',0),(256,75,'B1',0),(257,75,'B2',0),(258,75,'B3',0),(259,75,'B4',0),(260,75,'B5',0),(261,75,'C1',0),(262,75,'C2',0),(263,75,'C3',0),(264,75,'C4',0),(265,75,'C5',0),(266,75,'D1',0),(267,75,'D2',0),(268,75,'D3',0),(269,75,'D4',0),(270,75,'D5',0),(271,75,'E1',0),(272,75,'E2',0),(273,75,'E3',0),(274,75,'E4',0),(275,75,'E5',0),(276,76,'A1',0),(277,76,'A2',0),(278,76,'A3',0),(279,76,'A4',0),(280,76,'A5',0),(281,76,'B1',0),(282,76,'B2',0),(283,76,'B3',0),(284,76,'B4',0),(285,76,'B5',0),(286,76,'C1',0),(287,76,'C2',0),(288,76,'C3',0),(289,76,'C4',0),(290,76,'C5',0),(291,76,'D1',0),(292,76,'D2',0),(293,76,'D3',0),(294,76,'D4',0),(295,76,'D5',0),(296,76,'E1',0),(297,76,'E2',0),(298,76,'E3',0),(299,76,'E4',0),(300,76,'E5',0),(301,109,'A1',0),(302,109,'A2',0),(303,109,'A3',0),(304,109,'A4',0),(305,109,'A5',0),(306,109,'B1',0),(307,109,'B2',0),(308,109,'B3',0),(309,109,'B4',0),(310,109,'B5',0),(311,109,'C1',0),(312,109,'C2',0),(313,109,'C3',0),(314,109,'C4',0),(315,109,'C5',0),(316,109,'D1',0),(317,109,'D2',0),(318,109,'D3',0),(319,109,'D4',0),(320,109,'D5',0),(321,109,'E1',0),(322,109,'E2',0),(323,109,'E3',0),(324,109,'E4',0),(325,109,'E5',0),(326,110,'A1',0),(327,110,'A2',0),(328,110,'A3',0),(329,110,'A4',0),(330,110,'A5',0),(331,110,'B1',0),(332,110,'B2',0),(333,110,'B3',0),(334,110,'B4',0),(335,110,'B5',0),(336,110,'C1',0),(337,110,'C2',0),(338,110,'C3',0),(339,110,'C4',0),(340,110,'C5',0),(341,110,'D1',0),(342,110,'D2',0),(343,110,'D3',0),(344,110,'D4',0),(345,110,'D5',0),(346,110,'E1',1),(347,110,'E2',1),(348,110,'E3',0),(349,110,'E4',0),(350,110,'E5',0),(351,111,'A1',0),(352,111,'A2',0),(353,111,'A3',0),(354,111,'A4',0),(355,111,'A5',0),(356,111,'B1',0),(357,111,'B2',0),(358,111,'B3',0),(359,111,'B4',0),(360,111,'B5',0),(361,111,'C1',0),(362,111,'C2',0),(363,111,'C3',0),(364,111,'C4',0),(365,111,'C5',0),(366,111,'D1',0),(367,111,'D2',0),(368,111,'D3',0),(369,111,'D4',1),(370,111,'D5',1),(371,111,'E1',1),(372,111,'E2',1),(373,111,'E3',0),(374,111,'E4',0),(375,111,'E5',0),(376,112,'A1',0),(377,112,'A2',0),(378,112,'A3',0),(379,112,'A4',0),(380,112,'A5',0),(381,112,'B1',0),(382,112,'B2',0),(383,112,'B3',0),(384,112,'B4',0),(385,112,'B5',0),(386,112,'C1',0),(387,112,'C2',0),(388,112,'C3',0),(389,112,'C4',0),(390,112,'C5',0),(391,112,'D1',0),(392,112,'D2',0),(393,112,'D3',0),(394,112,'D4',0),(395,112,'D5',0),(396,112,'E1',0),(397,112,'E2',0),(398,112,'E3',0),(399,112,'E4',0),(400,112,'E5',0),(401,5,'A1',0),(402,5,'A2',0),(403,5,'A3',0),(404,5,'A4',0),(405,5,'A5',0),(406,5,'B1',0),(407,5,'B2',0),(408,5,'B3',0),(409,5,'B4',0),(410,5,'B5',0),(411,5,'C1',0),(412,5,'C2',0),(413,5,'C3',0),(414,5,'C4',0),(415,5,'C5',0),(416,5,'D1',0),(417,5,'D2',0),(418,5,'D3',0),(419,5,'D4',0),(420,5,'D5',0),(421,5,'E1',0),(422,5,'E2',0),(423,5,'E3',0),(424,5,'E4',0),(425,5,'E5',0),(426,6,'A1',0),(427,6,'A2',0),(428,6,'A3',0),(429,6,'A4',0),(430,6,'A5',0),(431,6,'B1',0),(432,6,'B2',0),(433,6,'B3',0),(434,6,'B4',0),(435,6,'B5',0),(436,6,'C1',0),(437,6,'C2',0),(438,6,'C3',0),(439,6,'C4',0),(440,6,'C5',0),(441,6,'D1',0),(442,6,'D2',0),(443,6,'D3',0),(444,6,'D4',0),(445,6,'D5',0),(446,6,'E1',0),(447,6,'E2',0),(448,6,'E3',0),(449,6,'E4',0),(450,6,'E5',0),(451,7,'A1',0),(452,7,'A2',0),(453,7,'A3',0),(454,7,'A4',0),(455,7,'A5',0),(456,7,'B1',0),(457,7,'B2',0),(458,7,'B3',0),(459,7,'B4',0),(460,7,'B5',0),(461,7,'C1',0),(462,7,'C2',0),(463,7,'C3',0),(464,7,'C4',0),(465,7,'C5',0),(466,7,'D1',0),(467,7,'D2',0),(468,7,'D3',0),(469,7,'D4',0),(470,7,'D5',0),(471,7,'E1',0),(472,7,'E2',0),(473,7,'E3',0),(474,7,'E4',0),(475,7,'E5',0),(476,8,'A1',0),(477,8,'A2',0),(478,8,'A3',0),(479,8,'A4',0),(480,8,'A5',0),(481,8,'B1',0),(482,8,'B2',0),(483,8,'B3',0),(484,8,'B4',0),(485,8,'B5',0),(486,8,'C1',0),(487,8,'C2',0),(488,8,'C3',0),(489,8,'C4',0),(490,8,'C5',0),(491,8,'D1',0),(492,8,'D2',0),(493,8,'D3',0),(494,8,'D4',0),(495,8,'D5',0),(496,8,'E1',0),(497,8,'E2',0),(498,8,'E3',0),(499,8,'E4',0),(500,8,'E5',0),(501,41,'A1',0),(502,41,'A2',0),(503,41,'A3',0),(504,41,'A4',0),(505,41,'A5',0),(506,41,'B1',0),(507,41,'B2',0),(508,41,'B3',0),(509,41,'B4',0),(510,41,'B5',0),(511,41,'C1',0),(512,41,'C2',0),(513,41,'C3',0),(514,41,'C4',0),(515,41,'C5',0),(516,41,'D1',0),(517,41,'D2',0),(518,41,'D3',0),(519,41,'D4',0),(520,41,'D5',0),(521,41,'E1',0),(522,41,'E2',0),(523,41,'E3',0),(524,41,'E4',0),(525,41,'E5',0),(526,42,'A1',0),(527,42,'A2',0),(528,42,'A3',0),(529,42,'A4',0),(530,42,'A5',0),(531,42,'B1',0),(532,42,'B2',0),(533,42,'B3',0),(534,42,'B4',0),(535,42,'B5',0),(536,42,'C1',0),(537,42,'C2',0),(538,42,'C3',0),(539,42,'C4',0),(540,42,'C5',0),(541,42,'D1',0),(542,42,'D2',0),(543,42,'D3',0),(544,42,'D4',0),(545,42,'D5',0),(546,42,'E1',0),(547,42,'E2',0),(548,42,'E3',0),(549,42,'E4',0),(550,42,'E5',0),(551,43,'A1',0),(552,43,'A2',0),(553,43,'A3',0),(554,43,'A4',0),(555,43,'A5',0),(556,43,'B1',0),(557,43,'B2',0),(558,43,'B3',0),(559,43,'B4',0),(560,43,'B5',0),(561,43,'C1',0),(562,43,'C2',0),(563,43,'C3',0),(564,43,'C4',0),(565,43,'C5',0),(566,43,'D1',0),(567,43,'D2',0),(568,43,'D3',0),(569,43,'D4',0),(570,43,'D5',0),(571,43,'E1',0),(572,43,'E2',0),(573,43,'E3',0),(574,43,'E4',0),(575,43,'E5',0),(576,44,'A1',0),(577,44,'A2',0),(578,44,'A3',0),(579,44,'A4',0),(580,44,'A5',0),(581,44,'B1',0),(582,44,'B2',0),(583,44,'B3',0),(584,44,'B4',0),(585,44,'B5',0),(586,44,'C1',0),(587,44,'C2',0),(588,44,'C3',0),(589,44,'C4',0),(590,44,'C5',0),(591,44,'D1',0),(592,44,'D2',0),(593,44,'D3',0),(594,44,'D4',0),(595,44,'D5',0),(596,44,'E1',0),(597,44,'E2',0),(598,44,'E3',0),(599,44,'E4',0),(600,44,'E5',0),(601,77,'A1',0),(602,77,'A2',0),(603,77,'A3',0),(604,77,'A4',0),(605,77,'A5',0),(606,77,'B1',0),(607,77,'B2',0),(608,77,'B3',0),(609,77,'B4',0),(610,77,'B5',0),(611,77,'C1',0),(612,77,'C2',0),(613,77,'C3',0),(614,77,'C4',0),(615,77,'C5',0),(616,77,'D1',0),(617,77,'D2',0),(618,77,'D3',0),(619,77,'D4',0),(620,77,'D5',0),(621,77,'E1',0),(622,77,'E2',0),(623,77,'E3',0),(624,77,'E4',0),(625,77,'E5',0),(626,78,'A1',0),(627,78,'A2',0),(628,78,'A3',0),(629,78,'A4',0),(630,78,'A5',0),(631,78,'B1',0),(632,78,'B2',0),(633,78,'B3',0),(634,78,'B4',0),(635,78,'B5',0),(636,78,'C1',0),(637,78,'C2',0),(638,78,'C3',0),(639,78,'C4',0),(640,78,'C5',0),(641,78,'D1',0),(642,78,'D2',0),(643,78,'D3',0),(644,78,'D4',0),(645,78,'D5',0),(646,78,'E1',0),(647,78,'E2',0),(648,78,'E3',0),(649,78,'E4',0),(650,78,'E5',0),(651,79,'A1',0),(652,79,'A2',0),(653,79,'A3',0),(654,79,'A4',0),(655,79,'A5',0),(656,79,'B1',0),(657,79,'B2',0),(658,79,'B3',0),(659,79,'B4',0),(660,79,'B5',0),(661,79,'C1',0),(662,79,'C2',0),(663,79,'C3',0),(664,79,'C4',0),(665,79,'C5',0),(666,79,'D1',0),(667,79,'D2',0),(668,79,'D3',0),(669,79,'D4',0),(670,79,'D5',0),(671,79,'E1',0),(672,79,'E2',0),(673,79,'E3',0),(674,79,'E4',0),(675,79,'E5',0),(676,80,'A1',0),(677,80,'A2',0),(678,80,'A3',0),(679,80,'A4',0),(680,80,'A5',0),(681,80,'B1',0),(682,80,'B2',0),(683,80,'B3',0),(684,80,'B4',0),(685,80,'B5',0),(686,80,'C1',0),(687,80,'C2',0),(688,80,'C3',0),(689,80,'C4',0),(690,80,'C5',0),(691,80,'D1',0),(692,80,'D2',0),(693,80,'D3',0),(694,80,'D4',0),(695,80,'D5',0),(696,80,'E1',0),(697,80,'E2',0),(698,80,'E3',0),(699,80,'E4',0),(700,80,'E5',0),(701,113,'A1',0),(702,113,'A2',0),(703,113,'A3',0),(704,113,'A4',0),(705,113,'A5',0),(706,113,'B1',0),(707,113,'B2',0),(708,113,'B3',0),(709,113,'B4',0),(710,113,'B5',0),(711,113,'C1',0),(712,113,'C2',0),(713,113,'C3',0),(714,113,'C4',0),(715,113,'C5',0),(716,113,'D1',0),(717,113,'D2',0),(718,113,'D3',0),(719,113,'D4',0),(720,113,'D5',0),(721,113,'E1',0),(722,113,'E2',0),(723,113,'E3',0),(724,113,'E4',0),(725,113,'E5',0),(726,114,'A1',0),(727,114,'A2',0),(728,114,'A3',0),(729,114,'A4',0),(730,114,'A5',0),(731,114,'B1',0),(732,114,'B2',0),(733,114,'B3',0),(734,114,'B4',0),(735,114,'B5',0),(736,114,'C1',0),(737,114,'C2',0),(738,114,'C3',0),(739,114,'C4',0),(740,114,'C5',0),(741,114,'D1',0),(742,114,'D2',0),(743,114,'D3',0),(744,114,'D4',0),(745,114,'D5',0),(746,114,'E1',0),(747,114,'E2',0),(748,114,'E3',0),(749,114,'E4',0),(750,114,'E5',0),(751,115,'A1',0),(752,115,'A2',0),(753,115,'A3',0),(754,115,'A4',0),(755,115,'A5',0),(756,115,'B1',0),(757,115,'B2',0),(758,115,'B3',0),(759,115,'B4',0),(760,115,'B5',0),(761,115,'C1',0),(762,115,'C2',0),(763,115,'C3',0),(764,115,'C4',0),(765,115,'C5',0),(766,115,'D1',0),(767,115,'D2',0),(768,115,'D3',0),(769,115,'D4',0),(770,115,'D5',0),(771,115,'E1',0),(772,115,'E2',0),(773,115,'E3',0),(774,115,'E4',0),(775,115,'E5',0),(776,116,'A1',0),(777,116,'A2',0),(778,116,'A3',0),(779,116,'A4',0),(780,116,'A5',0),(781,116,'B1',0),(782,116,'B2',0),(783,116,'B3',0),(784,116,'B4',0),(785,116,'B5',0),(786,116,'C1',0),(787,116,'C2',0),(788,116,'C3',0),(789,116,'C4',0),(790,116,'C5',0),(791,116,'D1',0),(792,116,'D2',0),(793,116,'D3',0),(794,116,'D4',0),(795,116,'D5',0),(796,116,'E1',0),(797,116,'E2',0),(798,116,'E3',0),(799,116,'E4',0),(800,116,'E5',0),(801,9,'A1',0),(802,9,'A2',0),(803,9,'A3',0),(804,9,'A4',0),(805,9,'A5',0),(806,9,'B1',0),(807,9,'B2',0),(808,9,'B3',0),(809,9,'B4',0),(810,9,'B5',0),(811,9,'C1',0),(812,9,'C2',0),(813,9,'C3',0),(814,9,'C4',0),(815,9,'C5',0),(816,9,'D1',0),(817,9,'D2',0),(818,9,'D3',0),(819,9,'D4',0),(820,9,'D5',0),(821,9,'E1',0),(822,9,'E2',0),(823,9,'E3',0),(824,9,'E4',0),(825,9,'E5',0),(826,10,'A1',0),(827,10,'A2',0),(828,10,'A3',0),(829,10,'A4',0),(830,10,'A5',0),(831,10,'B1',0),(832,10,'B2',1),(833,10,'B3',0),(834,10,'B4',0),(835,10,'B5',0),(836,10,'C1',0),(837,10,'C2',0),(838,10,'C3',0),(839,10,'C4',0),(840,10,'C5',0),(841,10,'D1',0),(842,10,'D2',1),(843,10,'D3',1),(844,10,'D4',0),(845,10,'D5',0),(846,10,'E1',0),(847,10,'E2',0),(848,10,'E3',0),(849,10,'E4',0),(850,10,'E5',1),(851,11,'A1',1),(852,11,'A2',1),(853,11,'A3',0),(854,11,'A4',0),(855,11,'A5',0),(856,11,'B1',0),(857,11,'B2',0),(858,11,'B3',0),(859,11,'B4',0),(860,11,'B5',0),(861,11,'C1',0),(862,11,'C2',0),(863,11,'C3',0),(864,11,'C4',0),(865,11,'C5',0),(866,11,'D1',0),(867,11,'D2',0),(868,11,'D3',0),(869,11,'D4',0),(870,11,'D5',0),(871,11,'E1',0),(872,11,'E2',0),(873,11,'E3',0),(874,11,'E4',0),(875,11,'E5',0),(876,12,'A1',0),(877,12,'A2',0),(878,12,'A3',0),(879,12,'A4',0),(880,12,'A5',0),(881,12,'B1',0),(882,12,'B2',0),(883,12,'B3',0),(884,12,'B4',0),(885,12,'B5',0),(886,12,'C1',0),(887,12,'C2',0),(888,12,'C3',0),(889,12,'C4',0),(890,12,'C5',0),(891,12,'D1',0),(892,12,'D2',0),(893,12,'D3',0),(894,12,'D4',0),(895,12,'D5',0),(896,12,'E1',0),(897,12,'E2',0),(898,12,'E3',0),(899,12,'E4',0),(900,12,'E5',0),(901,45,'A1',0),(902,45,'A2',0),(903,45,'A3',0),(904,45,'A4',0),(905,45,'A5',0),(906,45,'B1',0),(907,45,'B2',0),(908,45,'B3',0),(909,45,'B4',0),(910,45,'B5',0),(911,45,'C1',0),(912,45,'C2',0),(913,45,'C3',0),(914,45,'C4',0),(915,45,'C5',0),(916,45,'D1',0),(917,45,'D2',0),(918,45,'D3',0),(919,45,'D4',0),(920,45,'D5',0),(921,45,'E1',0),(922,45,'E2',0),(923,45,'E3',0),(924,45,'E4',0),(925,45,'E5',0),(926,46,'A1',0),(927,46,'A2',0),(928,46,'A3',0),(929,46,'A4',0),(930,46,'A5',0),(931,46,'B1',1),(932,46,'B2',0),(933,46,'B3',0),(934,46,'B4',1),(935,46,'B5',0),(936,46,'C1',0),(937,46,'C2',0),(938,46,'C3',0),(939,46,'C4',0),(940,46,'C5',0),(941,46,'D1',0),(942,46,'D2',0),(943,46,'D3',0),(944,46,'D4',0),(945,46,'D5',0),(946,46,'E1',0),(947,46,'E2',0),(948,46,'E3',0),(949,46,'E4',0),(950,46,'E5',0),(951,47,'A1',0),(952,47,'A2',0),(953,47,'A3',0),(954,47,'A4',0),(955,47,'A5',0),(956,47,'B1',0),(957,47,'B2',0),(958,47,'B3',0),(959,47,'B4',0),(960,47,'B5',1),(961,47,'C1',0),(962,47,'C2',0),(963,47,'C3',0),(964,47,'C4',0),(965,47,'C5',0),(966,47,'D1',0),(967,47,'D2',0),(968,47,'D3',0),(969,47,'D4',0),(970,47,'D5',0),(971,47,'E1',0),(972,47,'E2',0),(973,47,'E3',0),(974,47,'E4',0),(975,47,'E5',0),(976,48,'A1',0),(977,48,'A2',0),(978,48,'A3',0),(979,48,'A4',0),(980,48,'A5',0),(981,48,'B1',0),(982,48,'B2',0),(983,48,'B3',0),(984,48,'B4',0),(985,48,'B5',0),(986,48,'C1',0),(987,48,'C2',0),(988,48,'C3',0),(989,48,'C4',0),(990,48,'C5',0),(991,48,'D1',0),(992,48,'D2',0),(993,48,'D3',0),(994,48,'D4',0),(995,48,'D5',0),(996,48,'E1',0),(997,48,'E2',0),(998,48,'E3',0),(999,48,'E4',0),(1000,48,'E5',0),(1001,81,'A1',0),(1002,81,'A2',0),(1003,81,'A3',0),(1004,81,'A4',0),(1005,81,'A5',0),(1006,81,'B1',0),(1007,81,'B2',0),(1008,81,'B3',0),(1009,81,'B4',0),(1010,81,'B5',0),(1011,81,'C1',1),(1012,81,'C2',0),(1013,81,'C3',0),(1014,81,'C4',0),(1015,81,'C5',0),(1016,81,'D1',0),(1017,81,'D2',0),(1018,81,'D3',0),(1019,81,'D4',0),(1020,81,'D5',0),(1021,81,'E1',0),(1022,81,'E2',0),(1023,81,'E3',0),(1024,81,'E4',0),(1025,81,'E5',0),(1026,82,'A1',0),(1027,82,'A2',0),(1028,82,'A3',0),(1029,82,'A4',0),(1030,82,'A5',0),(1031,82,'B1',0),(1032,82,'B2',0),(1033,82,'B3',0),(1034,82,'B4',0),(1035,82,'B5',0),(1036,82,'C1',0),(1037,82,'C2',0),(1038,82,'C3',0),(1039,82,'C4',0),(1040,82,'C5',0),(1041,82,'D1',0),(1042,82,'D2',0),(1043,82,'D3',0),(1044,82,'D4',0),(1045,82,'D5',0),(1046,82,'E1',0),(1047,82,'E2',0),(1048,82,'E3',0),(1049,82,'E4',0),(1050,82,'E5',0),(1051,83,'A1',1),(1052,83,'A2',0),(1053,83,'A3',0),(1054,83,'A4',0),(1055,83,'A5',0),(1056,83,'B1',0),(1057,83,'B2',0),(1058,83,'B3',0),(1059,83,'B4',0),(1060,83,'B5',0),(1061,83,'C1',0),(1062,83,'C2',1),(1063,83,'C3',0),(1064,83,'C4',0),(1065,83,'C5',0),(1066,83,'D1',0),(1067,83,'D2',0),(1068,83,'D3',0),(1069,83,'D4',0),(1070,83,'D5',0),(1071,83,'E1',0),(1072,83,'E2',0),(1073,83,'E3',0),(1074,83,'E4',0),(1075,83,'E5',0),(1076,84,'A1',0),(1077,84,'A2',0),(1078,84,'A3',0),(1079,84,'A4',0),(1080,84,'A5',0),(1081,84,'B1',0),(1082,84,'B2',0),(1083,84,'B3',0),(1084,84,'B4',0),(1085,84,'B5',0),(1086,84,'C1',0),(1087,84,'C2',0),(1088,84,'C3',0),(1089,84,'C4',0),(1090,84,'C5',0),(1091,84,'D1',0),(1092,84,'D2',0),(1093,84,'D3',0),(1094,84,'D4',0),(1095,84,'D5',0),(1096,84,'E1',0),(1097,84,'E2',0),(1098,84,'E3',0),(1099,84,'E4',0),(1100,84,'E5',0),(1101,117,'A1',0),(1102,117,'A2',0),(1103,117,'A3',0),(1104,117,'A4',0),(1105,117,'A5',0),(1106,117,'B1',0),(1107,117,'B2',0),(1108,117,'B3',0),(1109,117,'B4',0),(1110,117,'B5',0),(1111,117,'C1',0),(1112,117,'C2',0),(1113,117,'C3',0),(1114,117,'C4',0),(1115,117,'C5',0),(1116,117,'D1',0),(1117,117,'D2',0),(1118,117,'D3',0),(1119,117,'D4',0),(1120,117,'D5',0),(1121,117,'E1',0),(1122,117,'E2',0),(1123,117,'E3',0),(1124,117,'E4',0),(1125,117,'E5',0),(1126,118,'A1',0),(1127,118,'A2',0),(1128,118,'A3',0),(1129,118,'A4',0),(1130,118,'A5',0),(1131,118,'B1',0),(1132,118,'B2',0),(1133,118,'B3',0),(1134,118,'B4',0),(1135,118,'B5',0),(1136,118,'C1',0),(1137,118,'C2',0),(1138,118,'C3',0),(1139,118,'C4',0),(1140,118,'C5',0),(1141,118,'D1',0),(1142,118,'D2',0),(1143,118,'D3',0),(1144,118,'D4',0),(1145,118,'D5',0),(1146,118,'E1',0),(1147,118,'E2',0),(1148,118,'E3',0),(1149,118,'E4',0),(1150,118,'E5',0),(1151,119,'A1',0),(1152,119,'A2',0),(1153,119,'A3',0),(1154,119,'A4',0),(1155,119,'A5',0),(1156,119,'B1',0),(1157,119,'B2',0),(1158,119,'B3',0),(1159,119,'B4',0),(1160,119,'B5',0),(1161,119,'C1',0),(1162,119,'C2',0),(1163,119,'C3',0),(1164,119,'C4',0),(1165,119,'C5',0),(1166,119,'D1',0),(1167,119,'D2',0),(1168,119,'D3',0),(1169,119,'D4',0),(1170,119,'D5',0),(1171,119,'E1',0),(1172,119,'E2',0),(1173,119,'E3',0),(1174,119,'E4',0),(1175,119,'E5',0),(1176,120,'A1',0),(1177,120,'A2',0),(1178,120,'A3',0),(1179,120,'A4',0),(1180,120,'A5',0),(1181,120,'B1',0),(1182,120,'B2',0),(1183,120,'B3',0),(1184,120,'B4',0),(1185,120,'B5',0),(1186,120,'C1',0),(1187,120,'C2',0),(1188,120,'C3',0),(1189,120,'C4',0),(1190,120,'C5',0),(1191,120,'D1',0),(1192,120,'D2',0),(1193,120,'D3',0),(1194,120,'D4',0),(1195,120,'D5',0),(1196,120,'E1',0),(1197,120,'E2',0),(1198,120,'E3',0),(1199,120,'E4',0),(1200,120,'E5',0),(1201,13,'A1',0),(1202,13,'A2',0),(1203,13,'A3',0),(1204,13,'A4',0),(1205,13,'A5',0),(1206,13,'B1',0),(1207,13,'B2',0),(1208,13,'B3',0),(1209,13,'B4',0),(1210,13,'B5',0),(1211,13,'C1',0),(1212,13,'C2',0),(1213,13,'C3',0),(1214,13,'C4',0),(1215,13,'C5',0),(1216,13,'D1',0),(1217,13,'D2',0),(1218,13,'D3',0),(1219,13,'D4',0),(1220,13,'D5',0),(1221,13,'E1',0),(1222,13,'E2',0),(1223,13,'E3',0),(1224,13,'E4',0),(1225,13,'E5',0),(1226,14,'A1',0),(1227,14,'A2',0),(1228,14,'A3',0),(1229,14,'A4',0),(1230,14,'A5',0),(1231,14,'B1',0),(1232,14,'B2',1),(1233,14,'B3',1),(1234,14,'B4',1),(1235,14,'B5',0),(1236,14,'C1',0),(1237,14,'C2',0),(1238,14,'C3',0),(1239,14,'C4',0),(1240,14,'C5',0),(1241,14,'D1',0),(1242,14,'D2',0),(1243,14,'D3',0),(1244,14,'D4',0),(1245,14,'D5',0),(1246,14,'E1',0),(1247,14,'E2',0),(1248,14,'E3',0),(1249,14,'E4',0),(1250,14,'E5',0),(1251,15,'A1',0),(1252,15,'A2',0),(1253,15,'A3',0),(1254,15,'A4',0),(1255,15,'A5',0),(1256,15,'B1',0),(1257,15,'B2',0),(1258,15,'B3',0),(1259,15,'B4',0),(1260,15,'B5',0),(1261,15,'C1',0),(1262,15,'C2',0),(1263,15,'C3',0),(1264,15,'C4',0),(1265,15,'C5',0),(1266,15,'D1',0),(1267,15,'D2',0),(1268,15,'D3',0),(1269,15,'D4',0),(1270,15,'D5',0),(1271,15,'E1',0),(1272,15,'E2',0),(1273,15,'E3',0),(1274,15,'E4',0),(1275,15,'E5',0),(1276,16,'A1',0),(1277,16,'A2',0),(1278,16,'A3',0),(1279,16,'A4',0),(1280,16,'A5',0),(1281,16,'B1',0),(1282,16,'B2',0),(1283,16,'B3',0),(1284,16,'B4',0),(1285,16,'B5',0),(1286,16,'C1',0),(1287,16,'C2',0),(1288,16,'C3',0),(1289,16,'C4',0),(1290,16,'C5',0),(1291,16,'D1',0),(1292,16,'D2',0),(1293,16,'D3',0),(1294,16,'D4',0),(1295,16,'D5',0),(1296,16,'E1',0),(1297,16,'E2',0),(1298,16,'E3',0),(1299,16,'E4',0),(1300,16,'E5',0),(1301,49,'A1',0),(1302,49,'A2',0),(1303,49,'A3',0),(1304,49,'A4',0),(1305,49,'A5',0),(1306,49,'B1',0),(1307,49,'B2',0),(1308,49,'B3',0),(1309,49,'B4',0),(1310,49,'B5',0),(1311,49,'C1',0),(1312,49,'C2',0),(1313,49,'C3',0),(1314,49,'C4',0),(1315,49,'C5',0),(1316,49,'D1',0),(1317,49,'D2',0),(1318,49,'D3',0),(1319,49,'D4',0),(1320,49,'D5',0),(1321,49,'E1',0),(1322,49,'E2',0),(1323,49,'E3',0),(1324,49,'E4',0),(1325,49,'E5',0),(1326,50,'A1',0),(1327,50,'A2',0),(1328,50,'A3',0),(1329,50,'A4',0),(1330,50,'A5',0),(1331,50,'B1',0),(1332,50,'B2',0),(1333,50,'B3',0),(1334,50,'B4',0),(1335,50,'B5',0),(1336,50,'C1',0),(1337,50,'C2',0),(1338,50,'C3',0),(1339,50,'C4',0),(1340,50,'C5',0),(1341,50,'D1',0),(1342,50,'D2',0),(1343,50,'D3',0),(1344,50,'D4',0),(1345,50,'D5',0),(1346,50,'E1',0),(1347,50,'E2',0),(1348,50,'E3',0),(1349,50,'E4',0),(1350,50,'E5',0),(1351,51,'A1',0),(1352,51,'A2',0),(1353,51,'A3',0),(1354,51,'A4',0),(1355,51,'A5',0),(1356,51,'B1',0),(1357,51,'B2',0),(1358,51,'B3',0),(1359,51,'B4',0),(1360,51,'B5',0),(1361,51,'C1',0),(1362,51,'C2',0),(1363,51,'C3',0),(1364,51,'C4',0),(1365,51,'C5',0),(1366,51,'D1',0),(1367,51,'D2',0),(1368,51,'D3',0),(1369,51,'D4',0),(1370,51,'D5',0),(1371,51,'E1',0),(1372,51,'E2',0),(1373,51,'E3',0),(1374,51,'E4',0),(1375,51,'E5',0),(1376,52,'A1',0),(1377,52,'A2',0),(1378,52,'A3',0),(1379,52,'A4',0),(1380,52,'A5',0),(1381,52,'B1',0),(1382,52,'B2',0),(1383,52,'B3',0),(1384,52,'B4',0),(1385,52,'B5',0),(1386,52,'C1',0),(1387,52,'C2',0),(1388,52,'C3',0),(1389,52,'C4',0),(1390,52,'C5',0),(1391,52,'D1',0),(1392,52,'D2',0),(1393,52,'D3',0),(1394,52,'D4',0),(1395,52,'D5',0),(1396,52,'E1',0),(1397,52,'E2',0),(1398,52,'E3',0),(1399,52,'E4',0),(1400,52,'E5',0),(1401,85,'A1',0),(1402,85,'A2',0),(1403,85,'A3',0),(1404,85,'A4',0),(1405,85,'A5',0),(1406,85,'B1',0),(1407,85,'B2',0),(1408,85,'B3',0),(1409,85,'B4',0),(1410,85,'B5',0),(1411,85,'C1',0),(1412,85,'C2',0),(1413,85,'C3',0),(1414,85,'C4',0),(1415,85,'C5',0),(1416,85,'D1',0),(1417,85,'D2',0),(1418,85,'D3',0),(1419,85,'D4',0),(1420,85,'D5',0),(1421,85,'E1',0),(1422,85,'E2',0),(1423,85,'E3',0),(1424,85,'E4',0),(1425,85,'E5',0),(1426,86,'A1',0),(1427,86,'A2',0),(1428,86,'A3',0),(1429,86,'A4',0),(1430,86,'A5',0),(1431,86,'B1',0),(1432,86,'B2',0),(1433,86,'B3',0),(1434,86,'B4',0),(1435,86,'B5',0),(1436,86,'C1',0),(1437,86,'C2',0),(1438,86,'C3',0),(1439,86,'C4',0),(1440,86,'C5',0),(1441,86,'D1',0),(1442,86,'D2',0),(1443,86,'D3',0),(1444,86,'D4',0),(1445,86,'D5',0),(1446,86,'E1',0),(1447,86,'E2',0),(1448,86,'E3',0),(1449,86,'E4',0),(1450,86,'E5',0),(1451,87,'A1',0),(1452,87,'A2',0),(1453,87,'A3',0),(1454,87,'A4',0),(1455,87,'A5',0),(1456,87,'B1',0),(1457,87,'B2',0),(1458,87,'B3',0),(1459,87,'B4',0),(1460,87,'B5',0),(1461,87,'C1',0),(1462,87,'C2',0),(1463,87,'C3',0),(1464,87,'C4',0),(1465,87,'C5',0),(1466,87,'D1',0),(1467,87,'D2',0),(1468,87,'D3',0),(1469,87,'D4',0),(1470,87,'D5',0),(1471,87,'E1',0),(1472,87,'E2',0),(1473,87,'E3',0),(1474,87,'E4',0),(1475,87,'E5',0),(1476,88,'A1',0),(1477,88,'A2',0),(1478,88,'A3',0),(1479,88,'A4',0),(1480,88,'A5',0),(1481,88,'B1',0),(1482,88,'B2',0),(1483,88,'B3',0),(1484,88,'B4',0),(1485,88,'B5',0),(1486,88,'C1',0),(1487,88,'C2',0),(1488,88,'C3',0),(1489,88,'C4',0),(1490,88,'C5',0),(1491,88,'D1',0),(1492,88,'D2',0),(1493,88,'D3',0),(1494,88,'D4',0),(1495,88,'D5',0),(1496,88,'E1',0),(1497,88,'E2',0),(1498,88,'E3',0),(1499,88,'E4',0),(1500,88,'E5',0),(1501,121,'A1',0),(1502,121,'A2',0),(1503,121,'A3',0),(1504,121,'A4',0),(1505,121,'A5',0),(1506,121,'B1',0),(1507,121,'B2',0),(1508,121,'B3',0),(1509,121,'B4',0),(1510,121,'B5',0),(1511,121,'C1',0),(1512,121,'C2',0),(1513,121,'C3',0),(1514,121,'C4',0),(1515,121,'C5',0),(1516,121,'D1',0),(1517,121,'D2',0),(1518,121,'D3',0),(1519,121,'D4',0),(1520,121,'D5',0),(1521,121,'E1',0),(1522,121,'E2',0),(1523,121,'E3',0),(1524,121,'E4',0),(1525,121,'E5',0),(1526,122,'A1',0),(1527,122,'A2',0),(1528,122,'A3',0),(1529,122,'A4',0),(1530,122,'A5',0),(1531,122,'B1',0),(1532,122,'B2',0),(1533,122,'B3',0),(1534,122,'B4',0),(1535,122,'B5',0),(1536,122,'C1',0),(1537,122,'C2',0),(1538,122,'C3',0),(1539,122,'C4',0),(1540,122,'C5',0),(1541,122,'D1',0),(1542,122,'D2',0),(1543,122,'D3',0),(1544,122,'D4',0),(1545,122,'D5',0),(1546,122,'E1',0),(1547,122,'E2',0),(1548,122,'E3',0),(1549,122,'E4',0),(1550,122,'E5',0),(1551,123,'A1',0),(1552,123,'A2',0),(1553,123,'A3',0),(1554,123,'A4',0),(1555,123,'A5',0),(1556,123,'B1',0),(1557,123,'B2',0),(1558,123,'B3',0),(1559,123,'B4',0),(1560,123,'B5',0),(1561,123,'C1',0),(1562,123,'C2',0),(1563,123,'C3',0),(1564,123,'C4',0),(1565,123,'C5',0),(1566,123,'D1',0),(1567,123,'D2',0),(1568,123,'D3',0),(1569,123,'D4',0),(1570,123,'D5',0),(1571,123,'E1',0),(1572,123,'E2',0),(1573,123,'E3',0),(1574,123,'E4',0),(1575,123,'E5',0),(1576,124,'A1',0),(1577,124,'A2',0),(1578,124,'A3',0),(1579,124,'A4',0),(1580,124,'A5',0),(1581,124,'B1',0),(1582,124,'B2',0),(1583,124,'B3',0),(1584,124,'B4',0),(1585,124,'B5',0),(1586,124,'C1',0),(1587,124,'C2',0),(1588,124,'C3',0),(1589,124,'C4',0),(1590,124,'C5',0),(1591,124,'D1',0),(1592,124,'D2',0),(1593,124,'D3',0),(1594,124,'D4',0),(1595,124,'D5',0),(1596,124,'E1',0),(1597,124,'E2',0),(1598,124,'E3',0),(1599,124,'E4',0),(1600,124,'E5',0),(1601,17,'A1',0),(1602,17,'A2',0),(1603,17,'A3',0),(1604,17,'A4',0),(1605,17,'A5',0),(1606,17,'B1',0),(1607,17,'B2',0),(1608,17,'B3',0),(1609,17,'B4',0),(1610,17,'B5',0),(1611,17,'C1',0),(1612,17,'C2',0),(1613,17,'C3',0),(1614,17,'C4',0),(1615,17,'C5',0),(1616,17,'D1',0),(1617,17,'D2',0),(1618,17,'D3',0),(1619,17,'D4',0),(1620,17,'D5',0),(1621,17,'E1',0),(1622,17,'E2',0),(1623,17,'E3',0),(1624,17,'E4',0),(1625,17,'E5',0),(1626,18,'A1',0),(1627,18,'A2',0),(1628,18,'A3',0),(1629,18,'A4',0),(1630,18,'A5',0),(1631,18,'B1',0),(1632,18,'B2',0),(1633,18,'B3',0),(1634,18,'B4',0),(1635,18,'B5',0),(1636,18,'C1',0),(1637,18,'C2',0),(1638,18,'C3',0),(1639,18,'C4',0),(1640,18,'C5',0),(1641,18,'D1',0),(1642,18,'D2',0),(1643,18,'D3',0),(1644,18,'D4',0),(1645,18,'D5',0),(1646,18,'E1',0),(1647,18,'E2',0),(1648,18,'E3',0),(1649,18,'E4',0),(1650,18,'E5',0),(1651,19,'A1',0),(1652,19,'A2',0),(1653,19,'A3',0),(1654,19,'A4',0),(1655,19,'A5',0),(1656,19,'B1',0),(1657,19,'B2',0),(1658,19,'B3',0),(1659,19,'B4',0),(1660,19,'B5',0),(1661,19,'C1',0),(1662,19,'C2',0),(1663,19,'C3',0),(1664,19,'C4',0),(1665,19,'C5',0),(1666,19,'D1',0),(1667,19,'D2',0),(1668,19,'D3',0),(1669,19,'D4',0),(1670,19,'D5',0),(1671,19,'E1',1),(1672,19,'E2',0),(1673,19,'E3',0),(1674,19,'E4',0),(1675,19,'E5',0),(1676,20,'A1',0),(1677,20,'A2',0),(1678,20,'A3',0),(1679,20,'A4',0),(1680,20,'A5',0),(1681,20,'B1',0),(1682,20,'B2',0),(1683,20,'B3',0),(1684,20,'B4',0),(1685,20,'B5',0),(1686,20,'C1',0),(1687,20,'C2',0),(1688,20,'C3',0),(1689,20,'C4',0),(1690,20,'C5',0),(1691,20,'D1',0),(1692,20,'D2',0),(1693,20,'D3',0),(1694,20,'D4',0),(1695,20,'D5',0),(1696,20,'E1',0),(1697,20,'E2',0),(1698,20,'E3',0),(1699,20,'E4',0),(1700,20,'E5',0),(1701,53,'A1',0),(1702,53,'A2',0),(1703,53,'A3',0),(1704,53,'A4',0),(1705,53,'A5',0),(1706,53,'B1',0),(1707,53,'B2',0),(1708,53,'B3',0),(1709,53,'B4',0),(1710,53,'B5',0),(1711,53,'C1',0),(1712,53,'C2',0),(1713,53,'C3',0),(1714,53,'C4',0),(1715,53,'C5',0),(1716,53,'D1',0),(1717,53,'D2',0),(1718,53,'D3',0),(1719,53,'D4',0),(1720,53,'D5',0),(1721,53,'E1',0),(1722,53,'E2',0),(1723,53,'E3',0),(1724,53,'E4',0),(1725,53,'E5',0),(1726,54,'A1',0),(1727,54,'A2',0),(1728,54,'A3',0),(1729,54,'A4',0),(1730,54,'A5',0),(1731,54,'B1',0),(1732,54,'B2',0),(1733,54,'B3',0),(1734,54,'B4',0),(1735,54,'B5',0),(1736,54,'C1',0),(1737,54,'C2',0),(1738,54,'C3',0),(1739,54,'C4',0),(1740,54,'C5',0),(1741,54,'D1',0),(1742,54,'D2',0),(1743,54,'D3',0),(1744,54,'D4',0),(1745,54,'D5',0),(1746,54,'E1',0),(1747,54,'E2',0),(1748,54,'E3',0),(1749,54,'E4',0),(1750,54,'E5',0),(1751,55,'A1',0),(1752,55,'A2',0),(1753,55,'A3',0),(1754,55,'A4',0),(1755,55,'A5',0),(1756,55,'B1',0),(1757,55,'B2',0),(1758,55,'B3',0),(1759,55,'B4',0),(1760,55,'B5',0),(1761,55,'C1',0),(1762,55,'C2',0),(1763,55,'C3',0),(1764,55,'C4',0),(1765,55,'C5',0),(1766,55,'D1',0),(1767,55,'D2',0),(1768,55,'D3',0),(1769,55,'D4',0),(1770,55,'D5',0),(1771,55,'E1',0),(1772,55,'E2',0),(1773,55,'E3',0),(1774,55,'E4',0),(1775,55,'E5',0),(1776,56,'A1',0),(1777,56,'A2',0),(1778,56,'A3',0),(1779,56,'A4',0),(1780,56,'A5',0),(1781,56,'B1',0),(1782,56,'B2',0),(1783,56,'B3',0),(1784,56,'B4',0),(1785,56,'B5',0),(1786,56,'C1',0),(1787,56,'C2',0),(1788,56,'C3',0),(1789,56,'C4',0),(1790,56,'C5',0),(1791,56,'D1',0),(1792,56,'D2',0),(1793,56,'D3',0),(1794,56,'D4',0),(1795,56,'D5',0),(1796,56,'E1',0),(1797,56,'E2',0),(1798,56,'E3',0),(1799,56,'E4',0),(1800,56,'E5',0),(1801,89,'A1',0),(1802,89,'A2',0),(1803,89,'A3',0),(1804,89,'A4',0),(1805,89,'A5',0),(1806,89,'B1',0),(1807,89,'B2',0),(1808,89,'B3',0),(1809,89,'B4',0),(1810,89,'B5',0),(1811,89,'C1',0),(1812,89,'C2',0),(1813,89,'C3',0),(1814,89,'C4',0),(1815,89,'C5',0),(1816,89,'D1',0),(1817,89,'D2',0),(1818,89,'D3',0),(1819,89,'D4',0),(1820,89,'D5',0),(1821,89,'E1',0),(1822,89,'E2',0),(1823,89,'E3',0),(1824,89,'E4',0),(1825,89,'E5',0),(1826,90,'A1',0),(1827,90,'A2',0),(1828,90,'A3',0),(1829,90,'A4',0),(1830,90,'A5',0),(1831,90,'B1',0),(1832,90,'B2',0),(1833,90,'B3',0),(1834,90,'B4',0),(1835,90,'B5',0),(1836,90,'C1',0),(1837,90,'C2',0),(1838,90,'C3',0),(1839,90,'C4',0),(1840,90,'C5',0),(1841,90,'D1',0),(1842,90,'D2',0),(1843,90,'D3',0),(1844,90,'D4',0),(1845,90,'D5',0),(1846,90,'E1',0),(1847,90,'E2',0),(1848,90,'E3',0),(1849,90,'E4',0),(1850,90,'E5',0),(1851,91,'A1',0),(1852,91,'A2',0),(1853,91,'A3',0),(1854,91,'A4',0),(1855,91,'A5',0),(1856,91,'B1',0),(1857,91,'B2',0),(1858,91,'B3',0),(1859,91,'B4',0),(1860,91,'B5',0),(1861,91,'C1',0),(1862,91,'C2',0),(1863,91,'C3',0),(1864,91,'C4',0),(1865,91,'C5',0),(1866,91,'D1',0),(1867,91,'D2',0),(1868,91,'D3',0),(1869,91,'D4',0),(1870,91,'D5',0),(1871,91,'E1',0),(1872,91,'E2',0),(1873,91,'E3',0),(1874,91,'E4',0),(1875,91,'E5',0),(1876,92,'A1',0),(1877,92,'A2',0),(1878,92,'A3',0),(1879,92,'A4',0),(1880,92,'A5',0),(1881,92,'B1',0),(1882,92,'B2',0),(1883,92,'B3',0),(1884,92,'B4',0),(1885,92,'B5',0),(1886,92,'C1',0),(1887,92,'C2',0),(1888,92,'C3',0),(1889,92,'C4',0),(1890,92,'C5',0),(1891,92,'D1',0),(1892,92,'D2',0),(1893,92,'D3',0),(1894,92,'D4',0),(1895,92,'D5',0),(1896,92,'E1',0),(1897,92,'E2',0),(1898,92,'E3',0),(1899,92,'E4',0),(1900,92,'E5',0),(1901,125,'A1',0),(1902,125,'A2',0),(1903,125,'A3',0),(1904,125,'A4',0),(1905,125,'A5',0),(1906,125,'B1',0),(1907,125,'B2',0),(1908,125,'B3',0),(1909,125,'B4',0),(1910,125,'B5',0),(1911,125,'C1',0),(1912,125,'C2',0),(1913,125,'C3',0),(1914,125,'C4',0),(1915,125,'C5',0),(1916,125,'D1',0),(1917,125,'D2',0),(1918,125,'D3',0),(1919,125,'D4',0),(1920,125,'D5',0),(1921,125,'E1',0),(1922,125,'E2',0),(1923,125,'E3',0),(1924,125,'E4',0),(1925,125,'E5',0),(1926,126,'A1',0),(1927,126,'A2',0),(1928,126,'A3',0),(1929,126,'A4',0),(1930,126,'A5',0),(1931,126,'B1',0),(1932,126,'B2',0),(1933,126,'B3',0),(1934,126,'B4',0),(1935,126,'B5',0),(1936,126,'C1',0),(1937,126,'C2',0),(1938,126,'C3',0),(1939,126,'C4',0),(1940,126,'C5',0),(1941,126,'D1',0),(1942,126,'D2',0),(1943,126,'D3',0),(1944,126,'D4',0),(1945,126,'D5',0),(1946,126,'E1',0),(1947,126,'E2',0),(1948,126,'E3',0),(1949,126,'E4',0),(1950,126,'E5',0),(1951,127,'A1',0),(1952,127,'A2',0),(1953,127,'A3',0),(1954,127,'A4',0),(1955,127,'A5',0),(1956,127,'B1',0),(1957,127,'B2',0),(1958,127,'B3',0),(1959,127,'B4',0),(1960,127,'B5',0),(1961,127,'C1',0),(1962,127,'C2',0),(1963,127,'C3',0),(1964,127,'C4',0),(1965,127,'C5',0),(1966,127,'D1',0),(1967,127,'D2',0),(1968,127,'D3',0),(1969,127,'D4',0),(1970,127,'D5',0),(1971,127,'E1',0),(1972,127,'E2',0),(1973,127,'E3',0),(1974,127,'E4',0),(1975,127,'E5',0),(1976,128,'A1',0),(1977,128,'A2',0),(1978,128,'A3',0),(1979,128,'A4',0),(1980,128,'A5',0),(1981,128,'B1',0),(1982,128,'B2',0),(1983,128,'B3',0),(1984,128,'B4',0),(1985,128,'B5',0),(1986,128,'C1',0),(1987,128,'C2',0),(1988,128,'C3',0),(1989,128,'C4',0),(1990,128,'C5',0),(1991,128,'D1',0),(1992,128,'D2',0),(1993,128,'D3',0),(1994,128,'D4',0),(1995,128,'D5',0),(1996,128,'E1',0),(1997,128,'E2',0),(1998,128,'E3',0),(1999,128,'E4',0),(2000,128,'E5',0),(2001,21,'A1',0),(2002,21,'A2',0),(2003,21,'A3',0),(2004,21,'A4',0),(2005,21,'A5',0),(2006,21,'B1',0),(2007,21,'B2',0),(2008,21,'B3',0),(2009,21,'B4',0),(2010,21,'B5',0),(2011,21,'C1',0),(2012,21,'C2',0),(2013,21,'C3',0),(2014,21,'C4',0),(2015,21,'C5',0),(2016,21,'D1',0),(2017,21,'D2',0),(2018,21,'D3',0),(2019,21,'D4',0),(2020,21,'D5',0),(2021,21,'E1',0),(2022,21,'E2',0),(2023,21,'E3',0),(2024,21,'E4',0),(2025,21,'E5',0),(2026,22,'A1',0),(2027,22,'A2',0),(2028,22,'A3',0),(2029,22,'A4',0),(2030,22,'A5',0),(2031,22,'B1',0),(2032,22,'B2',0),(2033,22,'B3',0),(2034,22,'B4',0),(2035,22,'B5',0),(2036,22,'C1',0),(2037,22,'C2',0),(2038,22,'C3',0),(2039,22,'C4',0),(2040,22,'C5',0),(2041,22,'D1',0),(2042,22,'D2',0),(2043,22,'D3',0),(2044,22,'D4',0),(2045,22,'D5',0),(2046,22,'E1',0),(2047,22,'E2',0),(2048,22,'E3',0),(2049,22,'E4',0),(2050,22,'E5',0),(2051,23,'A1',0),(2052,23,'A2',0),(2053,23,'A3',0),(2054,23,'A4',0),(2055,23,'A5',0),(2056,23,'B1',0),(2057,23,'B2',0),(2058,23,'B3',0),(2059,23,'B4',0),(2060,23,'B5',0),(2061,23,'C1',0),(2062,23,'C2',0),(2063,23,'C3',0),(2064,23,'C4',0),(2065,23,'C5',0),(2066,23,'D1',0),(2067,23,'D2',0),(2068,23,'D3',0),(2069,23,'D4',0),(2070,23,'D5',0),(2071,23,'E1',0),(2072,23,'E2',0),(2073,23,'E3',0),(2074,23,'E4',0),(2075,23,'E5',0),(2076,24,'A1',0),(2077,24,'A2',0),(2078,24,'A3',0),(2079,24,'A4',0),(2080,24,'A5',0),(2081,24,'B1',0),(2082,24,'B2',0),(2083,24,'B3',0),(2084,24,'B4',0),(2085,24,'B5',0),(2086,24,'C1',0),(2087,24,'C2',0),(2088,24,'C3',0),(2089,24,'C4',0),(2090,24,'C5',0),(2091,24,'D1',0),(2092,24,'D2',0),(2093,24,'D3',0),(2094,24,'D4',0),(2095,24,'D5',0),(2096,24,'E1',0),(2097,24,'E2',0),(2098,24,'E3',0),(2099,24,'E4',0),(2100,24,'E5',0),(2101,57,'A1',0),(2102,57,'A2',0),(2103,57,'A3',0),(2104,57,'A4',0),(2105,57,'A5',0),(2106,57,'B1',0),(2107,57,'B2',0),(2108,57,'B3',0),(2109,57,'B4',0),(2110,57,'B5',0),(2111,57,'C1',0),(2112,57,'C2',0),(2113,57,'C3',0),(2114,57,'C4',0),(2115,57,'C5',0),(2116,57,'D1',0),(2117,57,'D2',0),(2118,57,'D3',0),(2119,57,'D4',0),(2120,57,'D5',0),(2121,57,'E1',0),(2122,57,'E2',0),(2123,57,'E3',0),(2124,57,'E4',0),(2125,57,'E5',0),(2126,58,'A1',0),(2127,58,'A2',0),(2128,58,'A3',0),(2129,58,'A4',0),(2130,58,'A5',0),(2131,58,'B1',0),(2132,58,'B2',0),(2133,58,'B3',0),(2134,58,'B4',0),(2135,58,'B5',0),(2136,58,'C1',0),(2137,58,'C2',0),(2138,58,'C3',0),(2139,58,'C4',0),(2140,58,'C5',0),(2141,58,'D1',0),(2142,58,'D2',0),(2143,58,'D3',0),(2144,58,'D4',0),(2145,58,'D5',0),(2146,58,'E1',0),(2147,58,'E2',0),(2148,58,'E3',0),(2149,58,'E4',0),(2150,58,'E5',0),(2151,59,'A1',0),(2152,59,'A2',0),(2153,59,'A3',0),(2154,59,'A4',0),(2155,59,'A5',0),(2156,59,'B1',0),(2157,59,'B2',0),(2158,59,'B3',0),(2159,59,'B4',0),(2160,59,'B5',0),(2161,59,'C1',0),(2162,59,'C2',0),(2163,59,'C3',0),(2164,59,'C4',0),(2165,59,'C5',0),(2166,59,'D1',0),(2167,59,'D2',0),(2168,59,'D3',0),(2169,59,'D4',0),(2170,59,'D5',0),(2171,59,'E1',0),(2172,59,'E2',0),(2173,59,'E3',0),(2174,59,'E4',0),(2175,59,'E5',0),(2176,60,'A1',0),(2177,60,'A2',0),(2178,60,'A3',0),(2179,60,'A4',0),(2180,60,'A5',0),(2181,60,'B1',0),(2182,60,'B2',0),(2183,60,'B3',0),(2184,60,'B4',0),(2185,60,'B5',0),(2186,60,'C1',0),(2187,60,'C2',0),(2188,60,'C3',0),(2189,60,'C4',0),(2190,60,'C5',0),(2191,60,'D1',0),(2192,60,'D2',0),(2193,60,'D3',0),(2194,60,'D4',0),(2195,60,'D5',0),(2196,60,'E1',0),(2197,60,'E2',0),(2198,60,'E3',0),(2199,60,'E4',0),(2200,60,'E5',0),(2201,93,'A1',0),(2202,93,'A2',0),(2203,93,'A3',0),(2204,93,'A4',0),(2205,93,'A5',0),(2206,93,'B1',0),(2207,93,'B2',0),(2208,93,'B3',0),(2209,93,'B4',0),(2210,93,'B5',0),(2211,93,'C1',0),(2212,93,'C2',0),(2213,93,'C3',0),(2214,93,'C4',0),(2215,93,'C5',0),(2216,93,'D1',0),(2217,93,'D2',0),(2218,93,'D3',0),(2219,93,'D4',0),(2220,93,'D5',0),(2221,93,'E1',0),(2222,93,'E2',0),(2223,93,'E3',0),(2224,93,'E4',0),(2225,93,'E5',0),(2226,94,'A1',0),(2227,94,'A2',0),(2228,94,'A3',0),(2229,94,'A4',0),(2230,94,'A5',0),(2231,94,'B1',0),(2232,94,'B2',0),(2233,94,'B3',0),(2234,94,'B4',0),(2235,94,'B5',0),(2236,94,'C1',0),(2237,94,'C2',0),(2238,94,'C3',0),(2239,94,'C4',0),(2240,94,'C5',0),(2241,94,'D1',0),(2242,94,'D2',0),(2243,94,'D3',0),(2244,94,'D4',0),(2245,94,'D5',0),(2246,94,'E1',0),(2247,94,'E2',0),(2248,94,'E3',0),(2249,94,'E4',0),(2250,94,'E5',0),(2251,95,'A1',0),(2252,95,'A2',0),(2253,95,'A3',0),(2254,95,'A4',0),(2255,95,'A5',0),(2256,95,'B1',0),(2257,95,'B2',0),(2258,95,'B3',0),(2259,95,'B4',0),(2260,95,'B5',0),(2261,95,'C1',0),(2262,95,'C2',0),(2263,95,'C3',0),(2264,95,'C4',0),(2265,95,'C5',0),(2266,95,'D1',0),(2267,95,'D2',0),(2268,95,'D3',0),(2269,95,'D4',0),(2270,95,'D5',0),(2271,95,'E1',0),(2272,95,'E2',0),(2273,95,'E3',0),(2274,95,'E4',0),(2275,95,'E5',0),(2276,96,'A1',0),(2277,96,'A2',0),(2278,96,'A3',0),(2279,96,'A4',0),(2280,96,'A5',0),(2281,96,'B1',0),(2282,96,'B2',0),(2283,96,'B3',0),(2284,96,'B4',0),(2285,96,'B5',0),(2286,96,'C1',0),(2287,96,'C2',0),(2288,96,'C3',0),(2289,96,'C4',0),(2290,96,'C5',0),(2291,96,'D1',0),(2292,96,'D2',0),(2293,96,'D3',0),(2294,96,'D4',0),(2295,96,'D5',0),(2296,96,'E1',0),(2297,96,'E2',0),(2298,96,'E3',0),(2299,96,'E4',0),(2300,96,'E5',0),(2301,129,'A1',0),(2302,129,'A2',0),(2303,129,'A3',0),(2304,129,'A4',0),(2305,129,'A5',0),(2306,129,'B1',0),(2307,129,'B2',0),(2308,129,'B3',0),(2309,129,'B4',0),(2310,129,'B5',0),(2311,129,'C1',0),(2312,129,'C2',0),(2313,129,'C3',0),(2314,129,'C4',0),(2315,129,'C5',0),(2316,129,'D1',0),(2317,129,'D2',0),(2318,129,'D3',0),(2319,129,'D4',0),(2320,129,'D5',0),(2321,129,'E1',0),(2322,129,'E2',0),(2323,129,'E3',0),(2324,129,'E4',0),(2325,129,'E5',0),(2326,130,'A1',0),(2327,130,'A2',0),(2328,130,'A3',0),(2329,130,'A4',0),(2330,130,'A5',0),(2331,130,'B1',0),(2332,130,'B2',0),(2333,130,'B3',0),(2334,130,'B4',0),(2335,130,'B5',0),(2336,130,'C1',0),(2337,130,'C2',0),(2338,130,'C3',0),(2339,130,'C4',0),(2340,130,'C5',0),(2341,130,'D1',0),(2342,130,'D2',0),(2343,130,'D3',0),(2344,130,'D4',0),(2345,130,'D5',0),(2346,130,'E1',0),(2347,130,'E2',0),(2348,130,'E3',0),(2349,130,'E4',0),(2350,130,'E5',0),(2351,131,'A1',0),(2352,131,'A2',0),(2353,131,'A3',0),(2354,131,'A4',0),(2355,131,'A5',0),(2356,131,'B1',0),(2357,131,'B2',0),(2358,131,'B3',0),(2359,131,'B4',0),(2360,131,'B5',0),(2361,131,'C1',0),(2362,131,'C2',0),(2363,131,'C3',0),(2364,131,'C4',0),(2365,131,'C5',0),(2366,131,'D1',0),(2367,131,'D2',0),(2368,131,'D3',0),(2369,131,'D4',0),(2370,131,'D5',0),(2371,131,'E1',0),(2372,131,'E2',0),(2373,131,'E3',0),(2374,131,'E4',0),(2375,131,'E5',0),(2376,132,'A1',0),(2377,132,'A2',0),(2378,132,'A3',0),(2379,132,'A4',0),(2380,132,'A5',0),(2381,132,'B1',0),(2382,132,'B2',0),(2383,132,'B3',0),(2384,132,'B4',0),(2385,132,'B5',0),(2386,132,'C1',0),(2387,132,'C2',0),(2388,132,'C3',0),(2389,132,'C4',0),(2390,132,'C5',0),(2391,132,'D1',0),(2392,132,'D2',0),(2393,132,'D3',0),(2394,132,'D4',0),(2395,132,'D5',0),(2396,132,'E1',0),(2397,132,'E2',0),(2398,132,'E3',0),(2399,132,'E4',0),(2400,132,'E5',0),(2401,25,'A1',0),(2402,25,'A2',0),(2403,25,'A3',0),(2404,25,'A4',0),(2405,25,'A5',0),(2406,25,'B1',0),(2407,25,'B2',0),(2408,25,'B3',0),(2409,25,'B4',0),(2410,25,'B5',0),(2411,25,'C1',0),(2412,25,'C2',0),(2413,25,'C3',0),(2414,25,'C4',0),(2415,25,'C5',0),(2416,25,'D1',0),(2417,25,'D2',0),(2418,25,'D3',0),(2419,25,'D4',0),(2420,25,'D5',0),(2421,25,'E1',0),(2422,25,'E2',0),(2423,25,'E3',0),(2424,25,'E4',0),(2425,25,'E5',0),(2426,26,'A1',0),(2427,26,'A2',0),(2428,26,'A3',0),(2429,26,'A4',0),(2430,26,'A5',0),(2431,26,'B1',0),(2432,26,'B2',0),(2433,26,'B3',0),(2434,26,'B4',0),(2435,26,'B5',0),(2436,26,'C1',0),(2437,26,'C2',0),(2438,26,'C3',0),(2439,26,'C4',0),(2440,26,'C5',0),(2441,26,'D1',0),(2442,26,'D2',0),(2443,26,'D3',0),(2444,26,'D4',0),(2445,26,'D5',0),(2446,26,'E1',0),(2447,26,'E2',0),(2448,26,'E3',0),(2449,26,'E4',0),(2450,26,'E5',0),(2451,27,'A1',0),(2452,27,'A2',0),(2453,27,'A3',0),(2454,27,'A4',0),(2455,27,'A5',0),(2456,27,'B1',0),(2457,27,'B2',0),(2458,27,'B3',0),(2459,27,'B4',0),(2460,27,'B5',0),(2461,27,'C1',0),(2462,27,'C2',0),(2463,27,'C3',0),(2464,27,'C4',0),(2465,27,'C5',0),(2466,27,'D1',0),(2467,27,'D2',0),(2468,27,'D3',0),(2469,27,'D4',0),(2470,27,'D5',0),(2471,27,'E1',0),(2472,27,'E2',0),(2473,27,'E3',0),(2474,27,'E4',0),(2475,27,'E5',0),(2476,28,'A1',0),(2477,28,'A2',0),(2478,28,'A3',0),(2479,28,'A4',0),(2480,28,'A5',0),(2481,28,'B1',0),(2482,28,'B2',0),(2483,28,'B3',0),(2484,28,'B4',0),(2485,28,'B5',0),(2486,28,'C1',0),(2487,28,'C2',0),(2488,28,'C3',0),(2489,28,'C4',0),(2490,28,'C5',0),(2491,28,'D1',0),(2492,28,'D2',0),(2493,28,'D3',0),(2494,28,'D4',0),(2495,28,'D5',0),(2496,28,'E1',0),(2497,28,'E2',0),(2498,28,'E3',0),(2499,28,'E4',0),(2500,28,'E5',0),(2501,61,'A1',0),(2502,61,'A2',0),(2503,61,'A3',0),(2504,61,'A4',0),(2505,61,'A5',0),(2506,61,'B1',0),(2507,61,'B2',0),(2508,61,'B3',0),(2509,61,'B4',0),(2510,61,'B5',0),(2511,61,'C1',0),(2512,61,'C2',0),(2513,61,'C3',0),(2514,61,'C4',0),(2515,61,'C5',0),(2516,61,'D1',0),(2517,61,'D2',0),(2518,61,'D3',0),(2519,61,'D4',0),(2520,61,'D5',0),(2521,61,'E1',0),(2522,61,'E2',0),(2523,61,'E3',0),(2524,61,'E4',0),(2525,61,'E5',0),(2526,62,'A1',0),(2527,62,'A2',0),(2528,62,'A3',0),(2529,62,'A4',0),(2530,62,'A5',0),(2531,62,'B1',0),(2532,62,'B2',0),(2533,62,'B3',0),(2534,62,'B4',0),(2535,62,'B5',0),(2536,62,'C1',0),(2537,62,'C2',0),(2538,62,'C3',0),(2539,62,'C4',0),(2540,62,'C5',0),(2541,62,'D1',0),(2542,62,'D2',0),(2543,62,'D3',0),(2544,62,'D4',0),(2545,62,'D5',0),(2546,62,'E1',0),(2547,62,'E2',0),(2548,62,'E3',0),(2549,62,'E4',0),(2550,62,'E5',0),(2551,63,'A1',0),(2552,63,'A2',0),(2553,63,'A3',0),(2554,63,'A4',0),(2555,63,'A5',0),(2556,63,'B1',0),(2557,63,'B2',0),(2558,63,'B3',0),(2559,63,'B4',0),(2560,63,'B5',0),(2561,63,'C1',0),(2562,63,'C2',0),(2563,63,'C3',0),(2564,63,'C4',0),(2565,63,'C5',0),(2566,63,'D1',0),(2567,63,'D2',0),(2568,63,'D3',0),(2569,63,'D4',0),(2570,63,'D5',0),(2571,63,'E1',0),(2572,63,'E2',0),(2573,63,'E3',0),(2574,63,'E4',0),(2575,63,'E5',0),(2576,64,'A1',0),(2577,64,'A2',0),(2578,64,'A3',0),(2579,64,'A4',0),(2580,64,'A5',0),(2581,64,'B1',0),(2582,64,'B2',0),(2583,64,'B3',0),(2584,64,'B4',0),(2585,64,'B5',0),(2586,64,'C1',0),(2587,64,'C2',0),(2588,64,'C3',0),(2589,64,'C4',0),(2590,64,'C5',0),(2591,64,'D1',0),(2592,64,'D2',0),(2593,64,'D3',0),(2594,64,'D4',0),(2595,64,'D5',0),(2596,64,'E1',0),(2597,64,'E2',0),(2598,64,'E3',0),(2599,64,'E4',0),(2600,64,'E5',0),(2601,97,'A1',0),(2602,97,'A2',0),(2603,97,'A3',0),(2604,97,'A4',0),(2605,97,'A5',0),(2606,97,'B1',0),(2607,97,'B2',0),(2608,97,'B3',0),(2609,97,'B4',0),(2610,97,'B5',0),(2611,97,'C1',0),(2612,97,'C2',0),(2613,97,'C3',0),(2614,97,'C4',0),(2615,97,'C5',0),(2616,97,'D1',0),(2617,97,'D2',0),(2618,97,'D3',0),(2619,97,'D4',0),(2620,97,'D5',0),(2621,97,'E1',0),(2622,97,'E2',0),(2623,97,'E3',0),(2624,97,'E4',0),(2625,97,'E5',0),(2626,98,'A1',0),(2627,98,'A2',0),(2628,98,'A3',0),(2629,98,'A4',0),(2630,98,'A5',0),(2631,98,'B1',0),(2632,98,'B2',0),(2633,98,'B3',0),(2634,98,'B4',0),(2635,98,'B5',0),(2636,98,'C1',0),(2637,98,'C2',0),(2638,98,'C3',0),(2639,98,'C4',0),(2640,98,'C5',0),(2641,98,'D1',0),(2642,98,'D2',0),(2643,98,'D3',0),(2644,98,'D4',0),(2645,98,'D5',0),(2646,98,'E1',0),(2647,98,'E2',0),(2648,98,'E3',0),(2649,98,'E4',0),(2650,98,'E5',0),(2651,99,'A1',0),(2652,99,'A2',0),(2653,99,'A3',0),(2654,99,'A4',0),(2655,99,'A5',0),(2656,99,'B1',0),(2657,99,'B2',0),(2658,99,'B3',0),(2659,99,'B4',0),(2660,99,'B5',0),(2661,99,'C1',0),(2662,99,'C2',0),(2663,99,'C3',0),(2664,99,'C4',0),(2665,99,'C5',0),(2666,99,'D1',0),(2667,99,'D2',0),(2668,99,'D3',0),(2669,99,'D4',0),(2670,99,'D5',0),(2671,99,'E1',0),(2672,99,'E2',0),(2673,99,'E3',0),(2674,99,'E4',0),(2675,99,'E5',0),(2676,100,'A1',0),(2677,100,'A2',0),(2678,100,'A3',0),(2679,100,'A4',0),(2680,100,'A5',0),(2681,100,'B1',0),(2682,100,'B2',0),(2683,100,'B3',0),(2684,100,'B4',0),(2685,100,'B5',0),(2686,100,'C1',0),(2687,100,'C2',0),(2688,100,'C3',0),(2689,100,'C4',0),(2690,100,'C5',0),(2691,100,'D1',0),(2692,100,'D2',0),(2693,100,'D3',0),(2694,100,'D4',0),(2695,100,'D5',0),(2696,100,'E1',0),(2697,100,'E2',0),(2698,100,'E3',0),(2699,100,'E4',0),(2700,100,'E5',0),(2701,133,'A1',0),(2702,133,'A2',0),(2703,133,'A3',0),(2704,133,'A4',0),(2705,133,'A5',0),(2706,133,'B1',0),(2707,133,'B2',0),(2708,133,'B3',0),(2709,133,'B4',0),(2710,133,'B5',0),(2711,133,'C1',0),(2712,133,'C2',0),(2713,133,'C3',0),(2714,133,'C4',0),(2715,133,'C5',0),(2716,133,'D1',0),(2717,133,'D2',0),(2718,133,'D3',0),(2719,133,'D4',0),(2720,133,'D5',0),(2721,133,'E1',0),(2722,133,'E2',0),(2723,133,'E3',0),(2724,133,'E4',0),(2725,133,'E5',0),(2726,134,'A1',0),(2727,134,'A2',0),(2728,134,'A3',0),(2729,134,'A4',0),(2730,134,'A5',0),(2731,134,'B1',0),(2732,134,'B2',0),(2733,134,'B3',0),(2734,134,'B4',0),(2735,134,'B5',0),(2736,134,'C1',0),(2737,134,'C2',0),(2738,134,'C3',0),(2739,134,'C4',0),(2740,134,'C5',0),(2741,134,'D1',0),(2742,134,'D2',0),(2743,134,'D3',0),(2744,134,'D4',0),(2745,134,'D5',0),(2746,134,'E1',0),(2747,134,'E2',0),(2748,134,'E3',0),(2749,134,'E4',0),(2750,134,'E5',0),(2751,135,'A1',0),(2752,135,'A2',0),(2753,135,'A3',0),(2754,135,'A4',0),(2755,135,'A5',0),(2756,135,'B1',0),(2757,135,'B2',0),(2758,135,'B3',0),(2759,135,'B4',0),(2760,135,'B5',0),(2761,135,'C1',0),(2762,135,'C2',0),(2763,135,'C3',0),(2764,135,'C4',0),(2765,135,'C5',0),(2766,135,'D1',0),(2767,135,'D2',0),(2768,135,'D3',0),(2769,135,'D4',0),(2770,135,'D5',0),(2771,135,'E1',0),(2772,135,'E2',0),(2773,135,'E3',0),(2774,135,'E4',0),(2775,135,'E5',0),(2776,136,'A1',0),(2777,136,'A2',0),(2778,136,'A3',0),(2779,136,'A4',0),(2780,136,'A5',0),(2781,136,'B1',0),(2782,136,'B2',0),(2783,136,'B3',0),(2784,136,'B4',0),(2785,136,'B5',0),(2786,136,'C1',0),(2787,136,'C2',0),(2788,136,'C3',0),(2789,136,'C4',0),(2790,136,'C5',0),(2791,136,'D1',0),(2792,136,'D2',0),(2793,136,'D3',0),(2794,136,'D4',0),(2795,136,'D5',0),(2796,136,'E1',0),(2797,136,'E2',0),(2798,136,'E3',0),(2799,136,'E4',0),(2800,136,'E5',0),(2801,29,'A1',0),(2802,29,'A2',0),(2803,29,'A3',0),(2804,29,'A4',0),(2805,29,'A5',0),(2806,29,'B1',0),(2807,29,'B2',0),(2808,29,'B3',0),(2809,29,'B4',0),(2810,29,'B5',0),(2811,29,'C1',0),(2812,29,'C2',0),(2813,29,'C3',0),(2814,29,'C4',0),(2815,29,'C5',0),(2816,29,'D1',0),(2817,29,'D2',0),(2818,29,'D3',0),(2819,29,'D4',0),(2820,29,'D5',0),(2821,29,'E1',0),(2822,29,'E2',0),(2823,29,'E3',0),(2824,29,'E4',0),(2825,29,'E5',0),(2826,30,'A1',0),(2827,30,'A2',0),(2828,30,'A3',0),(2829,30,'A4',0),(2830,30,'A5',0),(2831,30,'B1',0),(2832,30,'B2',0),(2833,30,'B3',0),(2834,30,'B4',0),(2835,30,'B5',0),(2836,30,'C1',0),(2837,30,'C2',0),(2838,30,'C3',0),(2839,30,'C4',0),(2840,30,'C5',0),(2841,30,'D1',0),(2842,30,'D2',0),(2843,30,'D3',0),(2844,30,'D4',0),(2845,30,'D5',0),(2846,30,'E1',0),(2847,30,'E2',0),(2848,30,'E3',0),(2849,30,'E4',0),(2850,30,'E5',0),(2851,31,'A1',0),(2852,31,'A2',0),(2853,31,'A3',0),(2854,31,'A4',0),(2855,31,'A5',0),(2856,31,'B1',0),(2857,31,'B2',0),(2858,31,'B3',0),(2859,31,'B4',0),(2860,31,'B5',0),(2861,31,'C1',0),(2862,31,'C2',0),(2863,31,'C3',0),(2864,31,'C4',0),(2865,31,'C5',0),(2866,31,'D1',0),(2867,31,'D2',0),(2868,31,'D3',0),(2869,31,'D4',0),(2870,31,'D5',0),(2871,31,'E1',0),(2872,31,'E2',0),(2873,31,'E3',0),(2874,31,'E4',0),(2875,31,'E5',0),(2876,32,'A1',0),(2877,32,'A2',0),(2878,32,'A3',0),(2879,32,'A4',0),(2880,32,'A5',0),(2881,32,'B1',0),(2882,32,'B2',0),(2883,32,'B3',0),(2884,32,'B4',0),(2885,32,'B5',0),(2886,32,'C1',0),(2887,32,'C2',0),(2888,32,'C3',0),(2889,32,'C4',0),(2890,32,'C5',0),(2891,32,'D1',0),(2892,32,'D2',0),(2893,32,'D3',0),(2894,32,'D4',0),(2895,32,'D5',0),(2896,32,'E1',0),(2897,32,'E2',0),(2898,32,'E3',0),(2899,32,'E4',0),(2900,32,'E5',0),(2901,65,'A1',0),(2902,65,'A2',0),(2903,65,'A3',0),(2904,65,'A4',0),(2905,65,'A5',0),(2906,65,'B1',0),(2907,65,'B2',0),(2908,65,'B3',0),(2909,65,'B4',0),(2910,65,'B5',0),(2911,65,'C1',0),(2912,65,'C2',0),(2913,65,'C3',0),(2914,65,'C4',0),(2915,65,'C5',0),(2916,65,'D1',0),(2917,65,'D2',0),(2918,65,'D3',0),(2919,65,'D4',0),(2920,65,'D5',0),(2921,65,'E1',0),(2922,65,'E2',0),(2923,65,'E3',0),(2924,65,'E4',0),(2925,65,'E5',0),(2926,66,'A1',0),(2927,66,'A2',0),(2928,66,'A3',0),(2929,66,'A4',0),(2930,66,'A5',0),(2931,66,'B1',0),(2932,66,'B2',0),(2933,66,'B3',0),(2934,66,'B4',0),(2935,66,'B5',0),(2936,66,'C1',0),(2937,66,'C2',0),(2938,66,'C3',0),(2939,66,'C4',0),(2940,66,'C5',0),(2941,66,'D1',0),(2942,66,'D2',0),(2943,66,'D3',0),(2944,66,'D4',0),(2945,66,'D5',0),(2946,66,'E1',0),(2947,66,'E2',0),(2948,66,'E3',0),(2949,66,'E4',0),(2950,66,'E5',0),(2951,67,'A1',0),(2952,67,'A2',0),(2953,67,'A3',0),(2954,67,'A4',0),(2955,67,'A5',0),(2956,67,'B1',0),(2957,67,'B2',0),(2958,67,'B3',0),(2959,67,'B4',0),(2960,67,'B5',0),(2961,67,'C1',0),(2962,67,'C2',0),(2963,67,'C3',0),(2964,67,'C4',0),(2965,67,'C5',0),(2966,67,'D1',0),(2967,67,'D2',0),(2968,67,'D3',0),(2969,67,'D4',0),(2970,67,'D5',0),(2971,67,'E1',0),(2972,67,'E2',0),(2973,67,'E3',0),(2974,67,'E4',0),(2975,67,'E5',0),(2976,68,'A1',0),(2977,68,'A2',0),(2978,68,'A3',0),(2979,68,'A4',0),(2980,68,'A5',0),(2981,68,'B1',0),(2982,68,'B2',0),(2983,68,'B3',0),(2984,68,'B4',0),(2985,68,'B5',0),(2986,68,'C1',0),(2987,68,'C2',0),(2988,68,'C3',0),(2989,68,'C4',0),(2990,68,'C5',0),(2991,68,'D1',0),(2992,68,'D2',0),(2993,68,'D3',0),(2994,68,'D4',0),(2995,68,'D5',0),(2996,68,'E1',0),(2997,68,'E2',0),(2998,68,'E3',0),(2999,68,'E4',0),(3000,68,'E5',0),(3001,101,'A1',0),(3002,101,'A2',0),(3003,101,'A3',0),(3004,101,'A4',0),(3005,101,'A5',0),(3006,101,'B1',0),(3007,101,'B2',0),(3008,101,'B3',0),(3009,101,'B4',0),(3010,101,'B5',0),(3011,101,'C1',0),(3012,101,'C2',0),(3013,101,'C3',0),(3014,101,'C4',0),(3015,101,'C5',0),(3016,101,'D1',0),(3017,101,'D2',0),(3018,101,'D3',0),(3019,101,'D4',0),(3020,101,'D5',0),(3021,101,'E1',0),(3022,101,'E2',0),(3023,101,'E3',0),(3024,101,'E4',0),(3025,101,'E5',0),(3026,102,'A1',0),(3027,102,'A2',0),(3028,102,'A3',0),(3029,102,'A4',0),(3030,102,'A5',0),(3031,102,'B1',0),(3032,102,'B2',0),(3033,102,'B3',0),(3034,102,'B4',0),(3035,102,'B5',0),(3036,102,'C1',0),(3037,102,'C2',0),(3038,102,'C3',0),(3039,102,'C4',0),(3040,102,'C5',0),(3041,102,'D1',0),(3042,102,'D2',0),(3043,102,'D3',0),(3044,102,'D4',0),(3045,102,'D5',0),(3046,102,'E1',0),(3047,102,'E2',0),(3048,102,'E3',0),(3049,102,'E4',0),(3050,102,'E5',0),(3051,103,'A1',0),(3052,103,'A2',0),(3053,103,'A3',0),(3054,103,'A4',0),(3055,103,'A5',0),(3056,103,'B1',0),(3057,103,'B2',0),(3058,103,'B3',0),(3059,103,'B4',0),(3060,103,'B5',0),(3061,103,'C1',0),(3062,103,'C2',0),(3063,103,'C3',0),(3064,103,'C4',0),(3065,103,'C5',0),(3066,103,'D1',0),(3067,103,'D2',0),(3068,103,'D3',0),(3069,103,'D4',0),(3070,103,'D5',0),(3071,103,'E1',0),(3072,103,'E2',0),(3073,103,'E3',0),(3074,103,'E4',0),(3075,103,'E5',0),(3076,104,'A1',0),(3077,104,'A2',0),(3078,104,'A3',0),(3079,104,'A4',0),(3080,104,'A5',0),(3081,104,'B1',0),(3082,104,'B2',0),(3083,104,'B3',0),(3084,104,'B4',0),(3085,104,'B5',0),(3086,104,'C1',0),(3087,104,'C2',0),(3088,104,'C3',0),(3089,104,'C4',0),(3090,104,'C5',0),(3091,104,'D1',0),(3092,104,'D2',0),(3093,104,'D3',0),(3094,104,'D4',0),(3095,104,'D5',0),(3096,104,'E1',0),(3097,104,'E2',0),(3098,104,'E3',0),(3099,104,'E4',0),(3100,104,'E5',0),(3101,137,'A1',0),(3102,137,'A2',0),(3103,137,'A3',0),(3104,137,'A4',0),(3105,137,'A5',0),(3106,137,'B1',0),(3107,137,'B2',0),(3108,137,'B3',0),(3109,137,'B4',0),(3110,137,'B5',0),(3111,137,'C1',0),(3112,137,'C2',0),(3113,137,'C3',0),(3114,137,'C4',0),(3115,137,'C5',0),(3116,137,'D1',0),(3117,137,'D2',0),(3118,137,'D3',0),(3119,137,'D4',0),(3120,137,'D5',0),(3121,137,'E1',0),(3122,137,'E2',0),(3123,137,'E3',0),(3124,137,'E4',0),(3125,137,'E5',0),(3126,138,'A1',0),(3127,138,'A2',0),(3128,138,'A3',0),(3129,138,'A4',0),(3130,138,'A5',0),(3131,138,'B1',0),(3132,138,'B2',0),(3133,138,'B3',0),(3134,138,'B4',0),(3135,138,'B5',0),(3136,138,'C1',0),(3137,138,'C2',0),(3138,138,'C3',0),(3139,138,'C4',0),(3140,138,'C5',0),(3141,138,'D1',0),(3142,138,'D2',0),(3143,138,'D3',0),(3144,138,'D4',0),(3145,138,'D5',0),(3146,138,'E1',0),(3147,138,'E2',0),(3148,138,'E3',0),(3149,138,'E4',0),(3150,138,'E5',0),(3151,139,'A1',0),(3152,139,'A2',0),(3153,139,'A3',0),(3154,139,'A4',0),(3155,139,'A5',0),(3156,139,'B1',0),(3157,139,'B2',0),(3158,139,'B3',0),(3159,139,'B4',0),(3160,139,'B5',0),(3161,139,'C1',0),(3162,139,'C2',0),(3163,139,'C3',0),(3164,139,'C4',0),(3165,139,'C5',0),(3166,139,'D1',0),(3167,139,'D2',0),(3168,139,'D3',0),(3169,139,'D4',0),(3170,139,'D5',0),(3171,139,'E1',0),(3172,139,'E2',0),(3173,139,'E3',0),(3174,139,'E4',0),(3175,139,'E5',0),(3176,140,'A1',0),(3177,140,'A2',0),(3178,140,'A3',0),(3179,140,'A4',0),(3180,140,'A5',0),(3181,140,'B1',0),(3182,140,'B2',0),(3183,140,'B3',0),(3184,140,'B4',0),(3185,140,'B5',0),(3186,140,'C1',0),(3187,140,'C2',0),(3188,140,'C3',0),(3189,140,'C4',0),(3190,140,'C5',0),(3191,140,'D1',0),(3192,140,'D2',0),(3193,140,'D3',0),(3194,140,'D4',0),(3195,140,'D5',0),(3196,140,'E1',0),(3197,140,'E2',0),(3198,140,'E3',0),(3199,140,'E4',0),(3200,140,'E5',0),(3201,33,'A1',0),(3202,33,'A2',0),(3203,33,'A3',0),(3204,33,'A4',0),(3205,33,'A5',0),(3206,33,'B1',0),(3207,33,'B2',0),(3208,33,'B3',0),(3209,33,'B4',0),(3210,33,'B5',0),(3211,33,'C1',0),(3212,33,'C2',0),(3213,33,'C3',0),(3214,33,'C4',0),(3215,33,'C5',0),(3216,33,'D1',0),(3217,33,'D2',0),(3218,33,'D3',0),(3219,33,'D4',0),(3220,33,'D5',0),(3221,33,'E1',0),(3222,33,'E2',0),(3223,33,'E3',0),(3224,33,'E4',0),(3225,33,'E5',0),(3226,34,'A1',0),(3227,34,'A2',0),(3228,34,'A3',0),(3229,34,'A4',0),(3230,34,'A5',0),(3231,34,'B1',0),(3232,34,'B2',0),(3233,34,'B3',0),(3234,34,'B4',0),(3235,34,'B5',0),(3236,34,'C1',0),(3237,34,'C2',0),(3238,34,'C3',0),(3239,34,'C4',0),(3240,34,'C5',0),(3241,34,'D1',0),(3242,34,'D2',0),(3243,34,'D3',0),(3244,34,'D4',0),(3245,34,'D5',0),(3246,34,'E1',0),(3247,34,'E2',0),(3248,34,'E3',0),(3249,34,'E4',0),(3250,34,'E5',0),(3251,35,'A1',0),(3252,35,'A2',0),(3253,35,'A3',0),(3254,35,'A4',0),(3255,35,'A5',0),(3256,35,'B1',0),(3257,35,'B2',0),(3258,35,'B3',0),(3259,35,'B4',0),(3260,35,'B5',0),(3261,35,'C1',0),(3262,35,'C2',0),(3263,35,'C3',0),(3264,35,'C4',0),(3265,35,'C5',0),(3266,35,'D1',0),(3267,35,'D2',0),(3268,35,'D3',0),(3269,35,'D4',0),(3270,35,'D5',0),(3271,35,'E1',0),(3272,35,'E2',0),(3273,35,'E3',0),(3274,35,'E4',0),(3275,35,'E5',0),(3276,36,'A1',0),(3277,36,'A2',0),(3278,36,'A3',0),(3279,36,'A4',0),(3280,36,'A5',0),(3281,36,'B1',0),(3282,36,'B2',0),(3283,36,'B3',0),(3284,36,'B4',0),(3285,36,'B5',0),(3286,36,'C1',0),(3287,36,'C2',0),(3288,36,'C3',0),(3289,36,'C4',0),(3290,36,'C5',0),(3291,36,'D1',0),(3292,36,'D2',0),(3293,36,'D3',0),(3294,36,'D4',0),(3295,36,'D5',0),(3296,36,'E1',0),(3297,36,'E2',0),(3298,36,'E3',0),(3299,36,'E4',0),(3300,36,'E5',0),(3301,69,'A1',0),(3302,69,'A2',0),(3303,69,'A3',0),(3304,69,'A4',0),(3305,69,'A5',0),(3306,69,'B1',0),(3307,69,'B2',0),(3308,69,'B3',0),(3309,69,'B4',0),(3310,69,'B5',0),(3311,69,'C1',0),(3312,69,'C2',0),(3313,69,'C3',0),(3314,69,'C4',0),(3315,69,'C5',0),(3316,69,'D1',0),(3317,69,'D2',0),(3318,69,'D3',0),(3319,69,'D4',0),(3320,69,'D5',0),(3321,69,'E1',0),(3322,69,'E2',0),(3323,69,'E3',0),(3324,69,'E4',0),(3325,69,'E5',0),(3326,70,'A1',0),(3327,70,'A2',0),(3328,70,'A3',0),(3329,70,'A4',0),(3330,70,'A5',0),(3331,70,'B1',0),(3332,70,'B2',0),(3333,70,'B3',0),(3334,70,'B4',0),(3335,70,'B5',0),(3336,70,'C1',0),(3337,70,'C2',0),(3338,70,'C3',0),(3339,70,'C4',0),(3340,70,'C5',0),(3341,70,'D1',0),(3342,70,'D2',0),(3343,70,'D3',0),(3344,70,'D4',0),(3345,70,'D5',0),(3346,70,'E1',0),(3347,70,'E2',0),(3348,70,'E3',0),(3349,70,'E4',0),(3350,70,'E5',0),(3351,71,'A1',0),(3352,71,'A2',0),(3353,71,'A3',0),(3354,71,'A4',0),(3355,71,'A5',0),(3356,71,'B1',0),(3357,71,'B2',0),(3358,71,'B3',0),(3359,71,'B4',0),(3360,71,'B5',0),(3361,71,'C1',0),(3362,71,'C2',0),(3363,71,'C3',0),(3364,71,'C4',0),(3365,71,'C5',0),(3366,71,'D1',0),(3367,71,'D2',0),(3368,71,'D3',0),(3369,71,'D4',0),(3370,71,'D5',0),(3371,71,'E1',0),(3372,71,'E2',0),(3373,71,'E3',0),(3374,71,'E4',0),(3375,71,'E5',0),(3376,72,'A1',0),(3377,72,'A2',0),(3378,72,'A3',0),(3379,72,'A4',0),(3380,72,'A5',0),(3381,72,'B1',0),(3382,72,'B2',0),(3383,72,'B3',0),(3384,72,'B4',0),(3385,72,'B5',0),(3386,72,'C1',0),(3387,72,'C2',0),(3388,72,'C3',0),(3389,72,'C4',0),(3390,72,'C5',0),(3391,72,'D1',0),(3392,72,'D2',0),(3393,72,'D3',0),(3394,72,'D4',0),(3395,72,'D5',0),(3396,72,'E1',0),(3397,72,'E2',0),(3398,72,'E3',0),(3399,72,'E4',0),(3400,72,'E5',0),(3401,105,'A1',0),(3402,105,'A2',0),(3403,105,'A3',0),(3404,105,'A4',0),(3405,105,'A5',0),(3406,105,'B1',0),(3407,105,'B2',0),(3408,105,'B3',0),(3409,105,'B4',0),(3410,105,'B5',0),(3411,105,'C1',0),(3412,105,'C2',0),(3413,105,'C3',0),(3414,105,'C4',0),(3415,105,'C5',0),(3416,105,'D1',0),(3417,105,'D2',0),(3418,105,'D3',0),(3419,105,'D4',0),(3420,105,'D5',0),(3421,105,'E1',0),(3422,105,'E2',0),(3423,105,'E3',0),(3424,105,'E4',0),(3425,105,'E5',0),(3426,106,'A1',0),(3427,106,'A2',0),(3428,106,'A3',0),(3429,106,'A4',0),(3430,106,'A5',0),(3431,106,'B1',0),(3432,106,'B2',0),(3433,106,'B3',0),(3434,106,'B4',0),(3435,106,'B5',0),(3436,106,'C1',0),(3437,106,'C2',0),(3438,106,'C3',0),(3439,106,'C4',0),(3440,106,'C5',0),(3441,106,'D1',0),(3442,106,'D2',0),(3443,106,'D3',0),(3444,106,'D4',0),(3445,106,'D5',0),(3446,106,'E1',0),(3447,106,'E2',0),(3448,106,'E3',0),(3449,106,'E4',0),(3450,106,'E5',0),(3451,107,'A1',0),(3452,107,'A2',0),(3453,107,'A3',0),(3454,107,'A4',0),(3455,107,'A5',0),(3456,107,'B1',0),(3457,107,'B2',0),(3458,107,'B3',0),(3459,107,'B4',0),(3460,107,'B5',0),(3461,107,'C1',0),(3462,107,'C2',0),(3463,107,'C3',0),(3464,107,'C4',0),(3465,107,'C5',0),(3466,107,'D1',0),(3467,107,'D2',0),(3468,107,'D3',0),(3469,107,'D4',0),(3470,107,'D5',0),(3471,107,'E1',0),(3472,107,'E2',0),(3473,107,'E3',0),(3474,107,'E4',0),(3475,107,'E5',0),(3476,108,'A1',0),(3477,108,'A2',0),(3478,108,'A3',0),(3479,108,'A4',0),(3480,108,'A5',0),(3481,108,'B1',0),(3482,108,'B2',0),(3483,108,'B3',0),(3484,108,'B4',0),(3485,108,'B5',0),(3486,108,'C1',0),(3487,108,'C2',0),(3488,108,'C3',0),(3489,108,'C4',0),(3490,108,'C5',0),(3491,108,'D1',0),(3492,108,'D2',0),(3493,108,'D3',0),(3494,108,'D4',0),(3495,108,'D5',0),(3496,108,'E1',0),(3497,108,'E2',0),(3498,108,'E3',0),(3499,108,'E4',0),(3500,108,'E5',0),(3501,141,'A1',0),(3502,141,'A2',0),(3503,141,'A3',0),(3504,141,'A4',0),(3505,141,'A5',0),(3506,141,'B1',0),(3507,141,'B2',0),(3508,141,'B3',0),(3509,141,'B4',0),(3510,141,'B5',0),(3511,141,'C1',0),(3512,141,'C2',0),(3513,141,'C3',0),(3514,141,'C4',0),(3515,141,'C5',0),(3516,141,'D1',0),(3517,141,'D2',0),(3518,141,'D3',0),(3519,141,'D4',0),(3520,141,'D5',0),(3521,141,'E1',0),(3522,141,'E2',0),(3523,141,'E3',0),(3524,141,'E4',0),(3525,141,'E5',0),(3526,142,'A1',0),(3527,142,'A2',0),(3528,142,'A3',0),(3529,142,'A4',0),(3530,142,'A5',0),(3531,142,'B1',0),(3532,142,'B2',0),(3533,142,'B3',0),(3534,142,'B4',0),(3535,142,'B5',0),(3536,142,'C1',0),(3537,142,'C2',0),(3538,142,'C3',0),(3539,142,'C4',0),(3540,142,'C5',0),(3541,142,'D1',0),(3542,142,'D2',0),(3543,142,'D3',0),(3544,142,'D4',0),(3545,142,'D5',0),(3546,142,'E1',0),(3547,142,'E2',0),(3548,142,'E3',0),(3549,142,'E4',0),(3550,142,'E5',0),(3551,143,'A1',0),(3552,143,'A2',0),(3553,143,'A3',0),(3554,143,'A4',0),(3555,143,'A5',0),(3556,143,'B1',0),(3557,143,'B2',0),(3558,143,'B3',0),(3559,143,'B4',0),(3560,143,'B5',0),(3561,143,'C1',0),(3562,143,'C2',0),(3563,143,'C3',0),(3564,143,'C4',0),(3565,143,'C5',0),(3566,143,'D1',0),(3567,143,'D2',0),(3568,143,'D3',0),(3569,143,'D4',0),(3570,143,'D5',0),(3571,143,'E1',0),(3572,143,'E2',0),(3573,143,'E3',0),(3574,143,'E4',0),(3575,143,'E5',0),(3576,144,'A1',0),(3577,144,'A2',0),(3578,144,'A3',0),(3579,144,'A4',0),(3580,144,'A5',0),(3581,144,'B1',0),(3582,144,'B2',0),(3583,144,'B3',0),(3584,144,'B4',0),(3585,144,'B5',0),(3586,144,'C1',0),(3587,144,'C2',0),(3588,144,'C3',0),(3589,144,'C4',0),(3590,144,'C5',0),(3591,144,'D1',0),(3592,144,'D2',0),(3593,144,'D3',0),(3594,144,'D4',0),(3595,144,'D5',0),(3596,144,'E1',0),(3597,144,'E2',0),(3598,144,'E3',0),(3599,144,'E4',0),(3600,144,'E5',0);
/*!40000 ALTER TABLE `seats` ENABLE KEYS */;
UNLOCK TABLES;

--
-- Table structure for table `shows`
--

DROP TABLE IF EXISTS `shows`;
/*!40101 SET @saved_cs_client     = @@character_set_client */;
/*!50503 SET character_set_client = utf8mb4 */;
CREATE TABLE `shows` (
  `id` int NOT NULL AUTO_INCREMENT,
  `movie_id` int NOT NULL,
  `theatre_id` int NOT NULL,
  `show_time` varchar(20) NOT NULL,
  `show_type` varchar(50) DEFAULT NULL,
  `price` int NOT NULL,
  PRIMARY KEY (`id`),
  KEY `movie_id` (`movie_id`),
  KEY `theatre_id` (`theatre_id`),
  CONSTRAINT `shows_ibfk_1` FOREIGN KEY (`movie_id`) REFERENCES `movies` (`id`),
  CONSTRAINT `shows_ibfk_2` FOREIGN KEY (`theatre_id`) REFERENCES `theatres` (`id`)
) ENGINE=InnoDB AUTO_INCREMENT=145 DEFAULT CHARSET=utf8mb4 COLLATE=utf8mb4_0900_ai_ci;
/*!40101 SET character_set_client = @saved_cs_client */;

--
-- Dumping data for table `shows`
--

LOCK TABLES `shows` WRITE;
/*!40000 ALTER TABLE `shows` DISABLE KEYS */;
INSERT INTO `shows` VALUES (1,1,4,'10:00 AM','Morning Show',200),(2,1,3,'10:00 AM','Morning Show',200),(3,1,2,'10:00 AM','Morning Show',200),(4,1,1,'10:00 AM','Morning Show',200),(5,2,4,'10:00 AM','Morning Show',200),(6,2,3,'10:00 AM','Morning Show',200),(7,2,2,'10:00 AM','Morning Show',200),(8,2,1,'10:00 AM','Morning Show',200),(9,3,4,'10:00 AM','Morning Show',200),(10,3,3,'10:00 AM','Morning Show',200),(11,3,2,'10:00 AM','Morning Show',200),(12,3,1,'10:00 AM','Morning Show',200),(13,4,4,'10:00 AM','Morning Show',200),(14,4,3,'10:00 AM','Morning Show',200),(15,4,2,'10:00 AM','Morning Show',200),(16,4,1,'10:00 AM','Morning Show',200),(17,5,4,'10:00 AM','Morning Show',200),(18,5,3,'10:00 AM','Morning Show',200),(19,5,2,'10:00 AM','Morning Show',200),(20,5,1,'10:00 AM','Morning Show',200),(21,6,4,'10:00 AM','Morning Show',200),(22,6,3,'10:00 AM','Morning Show',200),(23,6,2,'10:00 AM','Morning Show',200),(24,6,1,'10:00 AM','Morning Show',200),(25,7,4,'10:00 AM','Morning Show',200),(26,7,3,'10:00 AM','Morning Show',200),(27,7,2,'10:00 AM','Morning Show',200),(28,7,1,'10:00 AM','Morning Show',200),(29,8,4,'10:00 AM','Morning Show',200),(30,8,3,'10:00 AM','Morning Show',200),(31,8,2,'10:00 AM','Morning Show',200),(32,8,1,'10:00 AM','Morning Show',200),(33,9,4,'10:00 AM','Morning Show',200),(34,9,3,'10:00 AM','Morning Show',200),(35,9,2,'10:00 AM','Morning Show',200),(36,9,1,'10:00 AM','Morning Show',200),(37,1,4,'2:00 PM','Matinee',250),(38,1,3,'2:00 PM','Matinee',250),(39,1,2,'2:00 PM','Matinee',250),(40,1,1,'2:00 PM','Matinee',250),(41,2,4,'2:00 PM','Matinee',250),(42,2,3,'2:00 PM','Matinee',250),(43,2,2,'2:00 PM','Matinee',250),(44,2,1,'2:00 PM','Matinee',250),(45,3,4,'2:00 PM','Matinee',250),(46,3,3,'2:00 PM','Matinee',250),(47,3,2,'2:00 PM','Matinee',250),(48,3,1,'2:00 PM','Matinee',250),(49,4,4,'2:00 PM','Matinee',250),(50,4,3,'2:00 PM','Matinee',250),(51,4,2,'2:00 PM','Matinee',250),(52,4,1,'2:00 PM','Matinee',250),(53,5,4,'2:00 PM','Matinee',250),(54,5,3,'2:00 PM','Matinee',250),(55,5,2,'2:00 PM','Matinee',250),(56,5,1,'2:00 PM','Matinee',250),(57,6,4,'2:00 PM','Matinee',250),(58,6,3,'2:00 PM','Matinee',250),(59,6,2,'2:00 PM','Matinee',250),(60,6,1,'2:00 PM','Matinee',250),(61,7,4,'2:00 PM','Matinee',250),(62,7,3,'2:00 PM','Matinee',250),(63,7,2,'2:00 PM','Matinee',250),(64,7,1,'2:00 PM','Matinee',250),(65,8,4,'2:00 PM','Matinee',250),(66,8,3,'2:00 PM','Matinee',250),(67,8,2,'2:00 PM','Matinee',250),(68,8,1,'2:00 PM','Matinee',250),(69,9,4,'2:00 PM','Matinee',250),(70,9,3,'2:00 PM','Matinee',250),(71,9,2,'2:00 PM','Matinee',250),(72,9,1,'2:00 PM','Matinee',250),(73,1,4,'6:00 PM','Evening Show',300),(74,1,3,'6:00 PM','Evening Show',300),(75,1,2,'6:00 PM','Evening Show',300),(76,1,1,'6:00 PM','Evening Show',300),(77,2,4,'6:00 PM','Evening Show',300),(78,2,3,'6:00 PM','Evening Show',300),(79,2,2,'6:00 PM','Evening Show',300),(80,2,1,'6:00 PM','Evening Show',300),(81,3,4,'6:00 PM','Evening Show',300),(82,3,3,'6:00 PM','Evening Show',300),(83,3,2,'6:00 PM','Evening Show',300),(84,3,1,'6:00 PM','Evening Show',300),(85,4,4,'6:00 PM','Evening Show',300),(86,4,3,'6:00 PM','Evening Show',300),(87,4,2,'6:00 PM','Evening Show',300),(88,4,1,'6:00 PM','Evening Show',300),(89,5,4,'6:00 PM','Evening Show',300),(90,5,3,'6:00 PM','Evening Show',300),(91,5,2,'6:00 PM','Evening Show',300),(92,5,1,'6:00 PM','Evening Show',300),(93,6,4,'6:00 PM','Evening Show',300),(94,6,3,'6:00 PM','Evening Show',300),(95,6,2,'6:00 PM','Evening Show',300),(96,6,1,'6:00 PM','Evening Show',300),(97,7,4,'6:00 PM','Evening Show',300),(98,7,3,'6:00 PM','Evening Show',300),(99,7,2,'6:00 PM','Evening Show',300),(100,7,1,'6:00 PM','Evening Show',300),(101,8,4,'6:00 PM','Evening Show',300),(102,8,3,'6:00 PM','Evening Show',300),(103,8,2,'6:00 PM','Evening Show',300),(104,8,1,'6:00 PM','Evening Show',300),(105,9,4,'6:00 PM','Evening Show',300),(106,9,3,'6:00 PM','Evening Show',300),(107,9,2,'6:00 PM','Evening Show',300),(108,9,1,'6:00 PM','Evening Show',300),(109,1,4,'9:00 PM','Night Show',350),(110,1,3,'9:00 PM','Night Show',350),(111,1,2,'9:00 PM','Night Show',350),(112,1,1,'9:00 PM','Night Show',350),(113,2,4,'9:00 PM','Night Show',350),(114,2,3,'9:00 PM','Night Show',350),(115,2,2,'9:00 PM','Night Show',350),(116,2,1,'9:00 PM','Night Show',350),(117,3,4,'9:00 PM','Night Show',350),(118,3,3,'9:00 PM','Night Show',350),(119,3,2,'9:00 PM','Night Show',350),(120,3,1,'9:00 PM','Night Show',350),(121,4,4,'9:00 PM','Night Show',350),(122,4,3,'9:00 PM','Night Show',350),(123,4,2,'9:00 PM','Night Show',350),(124,4,1,'9:00 PM','Night Show',350),(125,5,4,'9:00 PM','Night Show',350),(126,5,3,'9:00 PM','Night Show',350),(127,5,2,'9:00 PM','Night Show',350),(128,5,1,'9:00 PM','Night Show',350),(129,6,4,'9:00 PM','Night Show',350),(130,6,3,'9:00 PM','Night Show',350),(131,6,2,'9:00 PM','Night Show',350),(132,6,1,'9:00 PM','Night Show',350),(133,7,4,'9:00 PM','Night Show',350),(134,7,3,'9:00 PM','Night Show',350),(135,7,2,'9:00 PM','Night Show',350),(136,7,1,'9:00 PM','Night Show',350),(137,8,4,'9:00 PM','Night Show',350),(138,8,3,'9:00 PM','Night Show',350),(139,8,2,'9:00 PM','Night Show',350),(140,8,1,'9:00 PM','Night Show',350),(141,9,4,'9:00 PM','Night Show',350),(142,9,3,'9:00 PM','Night Show',350),(143,9,2,'9:00 PM','Night Show',350),(144,9,1,'9:00 PM','Night Show',350);
/*!40000 ALTER TABLE `shows` ENABLE KEYS */;
UNLOCK TABLES;

--
-- Table structure for table `theatres`
--

DROP TABLE IF EXISTS `theatres`;
/*!40101 SET @saved_cs_client     = @@character_set_client */;
/*!50503 SET character_set_client = utf8mb4 */;
CREATE TABLE `theatres` (
  `id` int NOT NULL AUTO_INCREMENT,
  `name` varchar(100) NOT NULL,
  `rating` decimal(3,1) DEFAULT NULL,
  `distance_km` decimal(5,2) DEFAULT NULL,
  PRIMARY KEY (`id`)
) ENGINE=InnoDB AUTO_INCREMENT=5 DEFAULT CHARSET=utf8mb4 COLLATE=utf8mb4_0900_ai_ci;
/*!40101 SET character_set_client = @saved_cs_client */;

--
-- Dumping data for table `theatres`
--

LOCK TABLES `theatres` WRITE;
/*!40000 ALTER TABLE `theatres` DISABLE KEYS */;
INSERT INTO `theatres` VALUES (1,'PVR',4.2,2.50),(2,'INOX',4.5,3.20),(3,'Cinepolis',4.0,4.10),(4,'Miraj',3.8,1.80);
/*!40000 ALTER TABLE `theatres` ENABLE KEYS */;
UNLOCK TABLES;

--
-- Table structure for table `users`
--

DROP TABLE IF EXISTS `users`;
/*!40101 SET @saved_cs_client     = @@character_set_client */;
/*!50503 SET character_set_client = utf8mb4 */;
CREATE TABLE `users` (
  `id` int NOT NULL AUTO_INCREMENT,
  `username` varchar(50) NOT NULL,
  `password` varchar(100) NOT NULL,
  `full_name` varchar(100) DEFAULT NULL,
  `phone` varchar(20) DEFAULT NULL,
  `email` varchar(100) DEFAULT NULL,
  `is_admin` int DEFAULT '0',
  PRIMARY KEY (`id`),
  UNIQUE KEY `username` (`username`)
) ENGINE=InnoDB AUTO_INCREMENT=15 DEFAULT CHARSET=utf8mb4 COLLATE=utf8mb4_0900_ai_ci;
/*!40101 SET character_set_client = @saved_cs_client */;

--
-- Dumping data for table `users`
--

LOCK TABLES `users` WRITE;
/*!40000 ALTER TABLE `users` DISABLE KEYS */;
INSERT INTO `users` VALUES (1,'testuser','1234','Test User','9876543210','test@example.com',0),(2,'guest','guest','Guest User','','',0),(3,'mannu','12345','Prabhleen kaur','7889007140','leenprabh1316@gmail.com',0),(4,'admin','admin','Administrator','0000000000','admin@movieticket.com',1),(7,'MINAL24','12345','Minal Sood','7888733296','minalsood24@gmail.com',0),(8,'Minal2403','12345','Minal Sood','7888733296','Minalsood2403@gmail.com',0),(9,'taniya','12345','taniya','7889007140','mtaniya2005@gmail.com',0),(10,'kunal1996','kunal1996','kunal','9914055378','kualsood1@gmail.com',0),(11,'Bobby@8832','bobby','Bobby Sood','9855508832','sood8832@gmail.com',0),(13,'mannu123','12345','MANNU','7889007140','leenprabh519@gmail.com',0),(14,'mannu234','12345','heena','7889007140','leenprabh1316@gmail.com',0);
/*!40000 ALTER TABLE `users` ENABLE KEYS */;
UNLOCK TABLES;
/*!40103 SET TIME_ZONE=@OLD_TIME_ZONE */;

/*!40101 SET SQL_MODE=@OLD_SQL_MODE */;
/*!40014 SET FOREIGN_KEY_CHECKS=@OLD_FOREIGN_KEY_CHECKS */;
/*!40014 SET UNIQUE_CHECKS=@OLD_UNIQUE_CHECKS */;
/*!40101 SET CHARACTER_SET_CLIENT=@OLD_CHARACTER_SET_CLIENT */;
/*!40101 SET CHARACTER_SET_RESULTS=@OLD_CHARACTER_SET_RESULTS */;
/*!40101 SET COLLATION_CONNECTION=@OLD_COLLATION_CONNECTION */;
/*!40111 SET SQL_NOTES=@OLD_SQL_NOTES */;

-- Dump completed on 2026-04-24 12:02:02
